Watching for file changes with StatReloader
Category List requested
category created successfully
Category List requested
unatuhorized attempt to create product
Forbidden: /product/create
category created successfully
Category List requested
unatuhorized attempt to create product
Forbidden: /product/create
unatuhorized attempt to create product
Forbidden: /product/create
Product List requested
unatuhorized attempt to create product
Forbidden: /product/create
/Users/ayush/ecommerce/product/views.py changed, reloading.
Watching for file changes with StatReloader
/Users/ayush/ecommerce/product/views.py changed, reloading.
Watching for file changes with StatReloader
product created successfully
product created successfully
Category List requested
Watching for file changes with StatReloader
Unauthorized: /categories/
/Users/ayush/ecommerce/ecommerce/settings.py changed, reloading.
Watching for file changes with StatReloader
Category List requested
/Users/ayush/ecommerce/ecommerce/urls.py changed, reloading.
Watching for file changes with StatReloader
/Users/ayush/ecommerce/ecommerce/urls.py changed, reloading.
Watching for file changes with StatReloader
/Users/ayush/ecommerce/ecommerce/urls.py changed, reloading.
Watching for file changes with StatReloader
/Users/ayush/ecommerce/ecommerce/urls.py changed, reloading.
Watching for file changes with StatReloader
/Users/ayush/ecommerce/categories/views.py changed, reloading.
Watching for file changes with StatReloader
/Users/ayush/ecommerce/categories/views.py changed, reloading.
Watching for file changes with StatReloader
/Users/ayush/ecommerce/categories/views.py changed, reloading.
Watching for file changes with StatReloader
/Users/ayush/ecommerce/categories/views.py changed, reloading.
Watching for file changes with StatReloader
/Users/ayush/ecommerce/categories/views.py changed, reloading.
Watching for file changes with StatReloader
/Users/ayush/ecommerce/categories/views.py changed, reloading.
Watching for file changes with StatReloader
/Users/ayush/ecommerce/categories/views.py changed, reloading.
Watching for file changes with StatReloader
/Users/ayush/ecommerce/categories/views.py changed, reloading.
Watching for file changes with StatReloader
/Users/ayush/ecommerce/categories/views.py changed, reloading.
Watching for file changes with StatReloader
/Users/ayush/ecommerce/categories/views.py changed, reloading.
Watching for file changes with StatReloader
Not Found: /categories/1
Unauthorized: /categories/
Unauthorized: /categories/
Unauthorized: /categories/
Unauthorized: /categories/
Category List requested
Category List requested
/Users/ayush/ecommerce/ecommerce/settings.py changed, reloading.
Watching for file changes with StatReloader
/Users/ayush/ecommerce/ecommerce/settings.py changed, reloading.
Watching for file changes with StatReloader
Category List requested
/Users/ayush/ecommerce/categories/views.py changed, reloading.
Watching for file changes with StatReloader
/Users/ayush/ecommerce/categories/views.py changed, reloading.
Watching for file changes with StatReloader
/Users/ayush/ecommerce/categories/views.py changed, reloading.
Watching for file changes with StatReloader
/Users/ayush/ecommerce/categories/views.py changed, reloading.
Watching for file changes with StatReloader
/Users/ayush/ecommerce/categories/views.py changed, reloading.
Watching for file changes with StatReloader
Category List requested
/Users/ayush/ecommerce/categories/views.py changed, reloading.
Watching for file changes with StatReloader
/Users/ayush/ecommerce/categories/views.py changed, reloading.
Watching for file changes with StatReloader
/Users/ayush/ecommerce/categories/views.py changed, reloading.
Watching for file changes with StatReloader
/Users/ayush/ecommerce/categories/views.py changed, reloading.
Watching for file changes with StatReloader
/Users/ayush/ecommerce/categories/views.py changed, reloading.
Watching for file changes with StatReloader
/Users/ayush/ecommerce/categories/views.py changed, reloading.
Watching for file changes with StatReloader
/Users/ayush/ecommerce/categories/views.py changed, reloading.
Watching for file changes with StatReloader
/Users/ayush/ecommerce/categories/views.py changed, reloading.
Watching for file changes with StatReloader
/Users/ayush/ecommerce/categories/views.py changed, reloading.
Watching for file changes with StatReloader
/Users/ayush/ecommerce/categories/views.py changed, reloading.
Watching for file changes with StatReloader
/Users/ayush/ecommerce/categories/views.py changed, reloading.
Watching for file changes with StatReloader
/Users/ayush/ecommerce/categories/views.py changed, reloading.
Watching for file changes with StatReloader
/Users/ayush/ecommerce/categories/views.py changed, reloading.
Watching for file changes with StatReloader
/Users/ayush/ecommerce/categories/views.py changed, reloading.
Watching for file changes with StatReloader
/Users/ayush/ecommerce/categories/views.py changed, reloading.
Watching for file changes with StatReloader
/Users/ayush/ecommerce/categories/views.py changed, reloading.
Watching for file changes with StatReloader
/Users/ayush/ecommerce/categories/views.py changed, reloading.
Watching for file changes with StatReloader
/Users/ayush/ecommerce/categories/views.py changed, reloading.
Watching for file changes with StatReloader
/Users/ayush/ecommerce/categories/views.py changed, reloading.
Watching for file changes with StatReloader
/Users/ayush/ecommerce/categories/views.py changed, reloading.
Watching for file changes with StatReloader
/Users/ayush/ecommerce/categories/views.py changed, reloading.
Watching for file changes with StatReloader
/Users/ayush/ecommerce/categories/views.py changed, reloading.
Watching for file changes with StatReloader
/Users/ayush/ecommerce/categories/views.py changed, reloading.
Watching for file changes with StatReloader
/Users/ayush/ecommerce/categories/views.py changed, reloading.
Watching for file changes with StatReloader
/Users/ayush/ecommerce/categories/views.py changed, reloading.
Watching for file changes with StatReloader
/Users/ayush/ecommerce/categories/views.py changed, reloading.
Watching for file changes with StatReloader
/Users/ayush/ecommerce/categories/views.py changed, reloading.
Watching for file changes with StatReloader
/Users/ayush/ecommerce/categories/views.py changed, reloading.
Watching for file changes with StatReloader
/Users/ayush/ecommerce/categories/views.py changed, reloading.
Watching for file changes with StatReloader
/Users/ayush/ecommerce/categories/views.py changed, reloading.
Watching for file changes with StatReloader
/Users/ayush/ecommerce/categories/views.py changed, reloading.
Watching for file changes with StatReloader
/Users/ayush/ecommerce/categories/views.py changed, reloading.
Watching for file changes with StatReloader
/Users/ayush/ecommerce/categories/views.py changed, reloading.
Watching for file changes with StatReloader
/Users/ayush/ecommerce/categories/views.py changed, reloading.
Watching for file changes with StatReloader
/Users/ayush/ecommerce/categories/views.py changed, reloading.
Watching for file changes with StatReloader
/Users/ayush/ecommerce/categories/views.py changed, reloading.
Watching for file changes with StatReloader
/Users/ayush/ecommerce/categories/views.py changed, reloading.
Watching for file changes with StatReloader
/Users/ayush/ecommerce/categories/views.py changed, reloading.
Watching for file changes with StatReloader
/Users/ayush/ecommerce/categories/views.py changed, reloading.
Watching for file changes with StatReloader
/Users/ayush/ecommerce/categories/views.py changed, reloading.
Watching for file changes with StatReloader
/Users/ayush/ecommerce/categories/views.py changed, reloading.
Watching for file changes with StatReloader
/Users/ayush/ecommerce/categories/views.py changed, reloading.
Watching for file changes with StatReloader
/Users/ayush/ecommerce/categories/views.py changed, reloading.
Watching for file changes with StatReloader
/Users/ayush/ecommerce/categories/views.py changed, reloading.
Watching for file changes with StatReloader
/Users/ayush/ecommerce/categories/views.py changed, reloading.
Watching for file changes with StatReloader
/Users/ayush/ecommerce/categories/views.py changed, reloading.
Watching for file changes with StatReloader
/Users/ayush/ecommerce/categories/views.py changed, reloading.
Watching for file changes with StatReloader
/Users/ayush/ecommerce/categories/views.py changed, reloading.
Watching for file changes with StatReloader
/Users/ayush/ecommerce/categories/views.py changed, reloading.
Watching for file changes with StatReloader
/Users/ayush/ecommerce/categories/views.py changed, reloading.
Watching for file changes with StatReloader
/Users/ayush/ecommerce/categories/views.py changed, reloading.
Watching for file changes with StatReloader
/Users/ayush/ecommerce/categories/views.py changed, reloading.
Watching for file changes with StatReloader
/Users/ayush/ecommerce/categories/views.py changed, reloading.
Watching for file changes with StatReloader
/Users/ayush/ecommerce/categories/views.py changed, reloading.
Watching for file changes with StatReloader
/Users/ayush/ecommerce/categories/views.py changed, reloading.
Watching for file changes with StatReloader
/Users/ayush/ecommerce/categories/views.py changed, reloading.
Watching for file changes with StatReloader
/Users/ayush/ecommerce/categories/views.py changed, reloading.
Watching for file changes with StatReloader
/Users/ayush/ecommerce/categories/views.py changed, reloading.
Watching for file changes with StatReloader
/Users/ayush/ecommerce/categories/views.py changed, reloading.
Watching for file changes with StatReloader
/Users/ayush/ecommerce/categories/views.py changed, reloading.
Watching for file changes with StatReloader
/Users/ayush/ecommerce/categories/views.py changed, reloading.
Watching for file changes with StatReloader
/Users/ayush/ecommerce/categories/views.py changed, reloading.
Watching for file changes with StatReloader
/Users/ayush/ecommerce/categories/views.py changed, reloading.
Watching for file changes with StatReloader
/Users/ayush/ecommerce/categories/views.py changed, reloading.
Watching for file changes with StatReloader
/Users/ayush/ecommerce/categories/views.py changed, reloading.
Watching for file changes with StatReloader
/Users/ayush/ecommerce/categories/views.py changed, reloading.
Watching for file changes with StatReloader
/Users/ayush/ecommerce/categories/views.py changed, reloading.
Watching for file changes with StatReloader
/Users/ayush/ecommerce/categories/views.py changed, reloading.
Watching for file changes with StatReloader
/Users/ayush/ecommerce/categories/views.py changed, reloading.
Watching for file changes with StatReloader
/Users/ayush/ecommerce/categories/views.py changed, reloading.
Watching for file changes with StatReloader
/Users/ayush/ecommerce/categories/views.py changed, reloading.
Watching for file changes with StatReloader
/Users/ayush/ecommerce/categories/views.py changed, reloading.
Watching for file changes with StatReloader
/Users/ayush/ecommerce/categories/views.py changed, reloading.
Watching for file changes with StatReloader
/Users/ayush/ecommerce/categories/views.py changed, reloading.
Watching for file changes with StatReloader
/Users/ayush/ecommerce/categories/views.py changed, reloading.
Watching for file changes with StatReloader
/Users/ayush/ecommerce/categories/views.py changed, reloading.
Watching for file changes with StatReloader
/Users/ayush/ecommerce/categories/views.py changed, reloading.
Watching for file changes with StatReloader
/Users/ayush/ecommerce/categories/views.py changed, reloading.
Watching for file changes with StatReloader
/Users/ayush/ecommerce/categories/views.py changed, reloading.
Watching for file changes with StatReloader
/Users/ayush/ecommerce/categories/views.py changed, reloading.
Watching for file changes with StatReloader
/Users/ayush/ecommerce/categories/views.py changed, reloading.
Watching for file changes with StatReloader
/Users/ayush/ecommerce/categories/views.py changed, reloading.
Watching for file changes with StatReloader
/Users/ayush/ecommerce/categories/views.py changed, reloading.
Watching for file changes with StatReloader
/Users/ayush/ecommerce/categories/views.py changed, reloading.
Watching for file changes with StatReloader
/Users/ayush/ecommerce/categories/views.py changed, reloading.
Watching for file changes with StatReloader
/Users/ayush/ecommerce/categories/views.py changed, reloading.
Watching for file changes with StatReloader
/Users/ayush/ecommerce/categories/views.py changed, reloading.
Watching for file changes with StatReloader
/Users/ayush/ecommerce/ecommerce/urls.py changed, reloading.
Watching for file changes with StatReloader
/Users/ayush/ecommerce/ecommerce/urls.py changed, reloading.
Watching for file changes with StatReloader
/Users/ayush/ecommerce/categories/urls.py changed, reloading.
Watching for file changes with StatReloader
/Users/ayush/ecommerce/categories/urls.py changed, reloading.
Watching for file changes with StatReloader
/Users/ayush/ecommerce/categories/urls.py changed, reloading.
Watching for file changes with StatReloader
/Users/ayush/ecommerce/categories/urls.py changed, reloading.
Watching for file changes with StatReloader
/Users/ayush/ecommerce/categories/urls.py changed, reloading.
Watching for file changes with StatReloader
/Users/ayush/ecommerce/categories/urls.py changed, reloading.
Watching for file changes with StatReloader
/Users/ayush/ecommerce/categories/urls.py changed, reloading.
Watching for file changes with StatReloader
/Users/ayush/ecommerce/categories/views.py changed, reloading.
Watching for file changes with StatReloader
/Users/ayush/ecommerce/categories/views.py changed, reloading.
Watching for file changes with StatReloader
/Users/ayush/ecommerce/categories/views.py changed, reloading.
Watching for file changes with StatReloader
/Users/ayush/ecommerce/categories/views.py changed, reloading.
Watching for file changes with StatReloader
/Users/ayush/ecommerce/categories/views.py changed, reloading.
Watching for file changes with StatReloader
/Users/ayush/ecommerce/categories/views.py changed, reloading.
Watching for file changes with StatReloader
Watching for file changes with StatReloader
Method Not Allowed: /login/
Category List requested
Internal Server Error: /categories/get/
Traceback (most recent call last):
  File "/Library/Frameworks/Python.framework/Versions/3.13/lib/python3.13/site-packages/django/core/handlers/exception.py", line 55, in inner
    response = get_response(request)
  File "/Library/Frameworks/Python.framework/Versions/3.13/lib/python3.13/site-packages/django/core/handlers/base.py", line 220, in _get_response
    response = response.render()
  File "/Library/Frameworks/Python.framework/Versions/3.13/lib/python3.13/site-packages/django/template/response.py", line 114, in render
    self.content = self.rendered_content
                   ^^^^^^^^^^^^^^^^^^^^^
  File "/Library/Frameworks/Python.framework/Versions/3.13/lib/python3.13/site-packages/rest_framework/response.py", line 74, in rendered_content
    ret = renderer.render(self.data, accepted_media_type, context)
  File "/Library/Frameworks/Python.framework/Versions/3.13/lib/python3.13/site-packages/rest_framework/renderers.py", line 100, in render
    ret = json.dumps(
        data, cls=self.encoder_class,
        indent=indent, ensure_ascii=self.ensure_ascii,
        allow_nan=not self.strict, separators=separators
    )
  File "/Library/Frameworks/Python.framework/Versions/3.13/lib/python3.13/site-packages/rest_framework/utils/json.py", line 25, in dumps
    return json.dumps(*args, **kwargs)
           ~~~~~~~~~~^^^^^^^^^^^^^^^^^
  File "/Library/Frameworks/Python.framework/Versions/3.13/lib/python3.13/json/__init__.py", line 238, in dumps
    **kw).encode(obj)
          ~~~~~~^^^^^
  File "/Library/Frameworks/Python.framework/Versions/3.13/lib/python3.13/json/encoder.py", line 200, in encode
    chunks = self.iterencode(o, _one_shot=True)
  File "/Library/Frameworks/Python.framework/Versions/3.13/lib/python3.13/json/encoder.py", line 261, in iterencode
    return _iterencode(o, 0)
  File "/Library/Frameworks/Python.framework/Versions/3.13/lib/python3.13/site-packages/rest_framework/utils/encoders.py", line 67, in default
    return super().default(obj)
           ~~~~~~~~~~~~~~~^^^^^
  File "/Library/Frameworks/Python.framework/Versions/3.13/lib/python3.13/json/encoder.py", line 180, in default
    raise TypeError(f'Object of type {o.__class__.__name__} '
                    f'is not JSON serializable')
TypeError: Object of type Category is not JSON serializable
Category List requested
Internal Server Error: /categories/get/
Traceback (most recent call last):
  File "/Library/Frameworks/Python.framework/Versions/3.13/lib/python3.13/site-packages/django/core/handlers/exception.py", line 55, in inner
    response = get_response(request)
  File "/Library/Frameworks/Python.framework/Versions/3.13/lib/python3.13/site-packages/django/core/handlers/base.py", line 220, in _get_response
    response = response.render()
  File "/Library/Frameworks/Python.framework/Versions/3.13/lib/python3.13/site-packages/django/template/response.py", line 114, in render
    self.content = self.rendered_content
                   ^^^^^^^^^^^^^^^^^^^^^
  File "/Library/Frameworks/Python.framework/Versions/3.13/lib/python3.13/site-packages/rest_framework/response.py", line 74, in rendered_content
    ret = renderer.render(self.data, accepted_media_type, context)
  File "/Library/Frameworks/Python.framework/Versions/3.13/lib/python3.13/site-packages/rest_framework/renderers.py", line 100, in render
    ret = json.dumps(
        data, cls=self.encoder_class,
        indent=indent, ensure_ascii=self.ensure_ascii,
        allow_nan=not self.strict, separators=separators
    )
  File "/Library/Frameworks/Python.framework/Versions/3.13/lib/python3.13/site-packages/rest_framework/utils/json.py", line 25, in dumps
    return json.dumps(*args, **kwargs)
           ~~~~~~~~~~^^^^^^^^^^^^^^^^^
  File "/Library/Frameworks/Python.framework/Versions/3.13/lib/python3.13/json/__init__.py", line 238, in dumps
    **kw).encode(obj)
          ~~~~~~^^^^^
  File "/Library/Frameworks/Python.framework/Versions/3.13/lib/python3.13/json/encoder.py", line 200, in encode
    chunks = self.iterencode(o, _one_shot=True)
  File "/Library/Frameworks/Python.framework/Versions/3.13/lib/python3.13/json/encoder.py", line 261, in iterencode
    return _iterencode(o, 0)
  File "/Library/Frameworks/Python.framework/Versions/3.13/lib/python3.13/site-packages/rest_framework/utils/encoders.py", line 67, in default
    return super().default(obj)
           ~~~~~~~~~~~~~~~^^^^^
  File "/Library/Frameworks/Python.framework/Versions/3.13/lib/python3.13/json/encoder.py", line 180, in default
    raise TypeError(f'Object of type {o.__class__.__name__} '
                    f'is not JSON serializable')
TypeError: Object of type Category is not JSON serializable
Category List requested
Internal Server Error: /categories/get/
Traceback (most recent call last):
  File "/Library/Frameworks/Python.framework/Versions/3.13/lib/python3.13/site-packages/django/core/handlers/exception.py", line 55, in inner
    response = get_response(request)
  File "/Library/Frameworks/Python.framework/Versions/3.13/lib/python3.13/site-packages/django/core/handlers/base.py", line 220, in _get_response
    response = response.render()
  File "/Library/Frameworks/Python.framework/Versions/3.13/lib/python3.13/site-packages/django/template/response.py", line 114, in render
    self.content = self.rendered_content
                   ^^^^^^^^^^^^^^^^^^^^^
  File "/Library/Frameworks/Python.framework/Versions/3.13/lib/python3.13/site-packages/rest_framework/response.py", line 74, in rendered_content
    ret = renderer.render(self.data, accepted_media_type, context)
  File "/Library/Frameworks/Python.framework/Versions/3.13/lib/python3.13/site-packages/rest_framework/renderers.py", line 100, in render
    ret = json.dumps(
        data, cls=self.encoder_class,
        indent=indent, ensure_ascii=self.ensure_ascii,
        allow_nan=not self.strict, separators=separators
    )
  File "/Library/Frameworks/Python.framework/Versions/3.13/lib/python3.13/site-packages/rest_framework/utils/json.py", line 25, in dumps
    return json.dumps(*args, **kwargs)
           ~~~~~~~~~~^^^^^^^^^^^^^^^^^
  File "/Library/Frameworks/Python.framework/Versions/3.13/lib/python3.13/json/__init__.py", line 238, in dumps
    **kw).encode(obj)
          ~~~~~~^^^^^
  File "/Library/Frameworks/Python.framework/Versions/3.13/lib/python3.13/json/encoder.py", line 200, in encode
    chunks = self.iterencode(o, _one_shot=True)
  File "/Library/Frameworks/Python.framework/Versions/3.13/lib/python3.13/json/encoder.py", line 261, in iterencode
    return _iterencode(o, 0)
  File "/Library/Frameworks/Python.framework/Versions/3.13/lib/python3.13/site-packages/rest_framework/utils/encoders.py", line 67, in default
    return super().default(obj)
           ~~~~~~~~~~~~~~~^^^^^
  File "/Library/Frameworks/Python.framework/Versions/3.13/lib/python3.13/json/encoder.py", line 180, in default
    raise TypeError(f'Object of type {o.__class__.__name__} '
                    f'is not JSON serializable')
TypeError: Object of type Category is not JSON serializable
/Users/ayush/ecommerce/categories/views.py changed, reloading.
Watching for file changes with StatReloader
/Users/ayush/ecommerce/categories/views.py changed, reloading.
Watching for file changes with StatReloader
/Users/ayush/ecommerce/categories/views.py changed, reloading.
Watching for file changes with StatReloader
Category List requested
Internal Server Error: /categories/get/
Traceback (most recent call last):
  File "/Library/Frameworks/Python.framework/Versions/3.13/lib/python3.13/site-packages/django/core/handlers/exception.py", line 55, in inner
    response = get_response(request)
  File "/Library/Frameworks/Python.framework/Versions/3.13/lib/python3.13/site-packages/django/core/handlers/base.py", line 220, in _get_response
    response = response.render()
  File "/Library/Frameworks/Python.framework/Versions/3.13/lib/python3.13/site-packages/django/template/response.py", line 114, in render
    self.content = self.rendered_content
                   ^^^^^^^^^^^^^^^^^^^^^
  File "/Library/Frameworks/Python.framework/Versions/3.13/lib/python3.13/site-packages/rest_framework/response.py", line 74, in rendered_content
    ret = renderer.render(self.data, accepted_media_type, context)
  File "/Library/Frameworks/Python.framework/Versions/3.13/lib/python3.13/site-packages/rest_framework/renderers.py", line 100, in render
    ret = json.dumps(
        data, cls=self.encoder_class,
        indent=indent, ensure_ascii=self.ensure_ascii,
        allow_nan=not self.strict, separators=separators
    )
  File "/Library/Frameworks/Python.framework/Versions/3.13/lib/python3.13/site-packages/rest_framework/utils/json.py", line 25, in dumps
    return json.dumps(*args, **kwargs)
           ~~~~~~~~~~^^^^^^^^^^^^^^^^^
  File "/Library/Frameworks/Python.framework/Versions/3.13/lib/python3.13/json/__init__.py", line 238, in dumps
    **kw).encode(obj)
          ~~~~~~^^^^^
  File "/Library/Frameworks/Python.framework/Versions/3.13/lib/python3.13/json/encoder.py", line 200, in encode
    chunks = self.iterencode(o, _one_shot=True)
  File "/Library/Frameworks/Python.framework/Versions/3.13/lib/python3.13/json/encoder.py", line 261, in iterencode
    return _iterencode(o, 0)
  File "/Library/Frameworks/Python.framework/Versions/3.13/lib/python3.13/site-packages/rest_framework/utils/encoders.py", line 67, in default
    return super().default(obj)
           ~~~~~~~~~~~~~~~^^^^^
  File "/Library/Frameworks/Python.framework/Versions/3.13/lib/python3.13/json/encoder.py", line 180, in default
    raise TypeError(f'Object of type {o.__class__.__name__} '
                    f'is not JSON serializable')
TypeError: Object of type Category is not JSON serializable
/Users/ayush/ecommerce/categories/views.py changed, reloading.
Watching for file changes with StatReloader
/Users/ayush/ecommerce/categories/views.py changed, reloading.
Watching for file changes with StatReloader
/Users/ayush/ecommerce/categories/views.py changed, reloading.
Watching for file changes with StatReloader
/Users/ayush/ecommerce/categories/views.py changed, reloading.
Watching for file changes with StatReloader
/Users/ayush/ecommerce/categories/views.py changed, reloading.
Watching for file changes with StatReloader
/Users/ayush/ecommerce/categories/views.py changed, reloading.
Watching for file changes with StatReloader
Category List requested
Internal Server Error: /categories/create
Traceback (most recent call last):
  File "/Library/Frameworks/Python.framework/Versions/3.13/lib/python3.13/site-packages/django/core/handlers/exception.py", line 55, in inner
    response = get_response(request)
  File "/Library/Frameworks/Python.framework/Versions/3.13/lib/python3.13/site-packages/django/core/handlers/base.py", line 197, in _get_response
    response = wrapped_callback(request, *callback_args, **callback_kwargs)
  File "/Library/Frameworks/Python.framework/Versions/3.13/lib/python3.13/site-packages/django/views/decorators/csrf.py", line 65, in _view_wrapper
    return view_func(request, *args, **kwargs)
  File "/Library/Frameworks/Python.framework/Versions/3.13/lib/python3.13/site-packages/django/views/generic/base.py", line 104, in view
    return self.dispatch(request, *args, **kwargs)
           ~~~~~~~~~~~~~^^^^^^^^^^^^^^^^^^^^^^^^^^
  File "/Library/Frameworks/Python.framework/Versions/3.13/lib/python3.13/site-packages/rest_framework/views.py", line 515, in dispatch
    response = self.handle_exception(exc)
  File "/Library/Frameworks/Python.framework/Versions/3.13/lib/python3.13/site-packages/rest_framework/views.py", line 475, in handle_exception
    self.raise_uncaught_exception(exc)
    ~~~~~~~~~~~~~~~~~~~~~~~~~~~~~^^^^^
  File "/Library/Frameworks/Python.framework/Versions/3.13/lib/python3.13/site-packages/rest_framework/views.py", line 486, in raise_uncaught_exception
    raise exc
  File "/Library/Frameworks/Python.framework/Versions/3.13/lib/python3.13/site-packages/rest_framework/views.py", line 512, in dispatch
    response = handler(request, *args, **kwargs)
  File "/Library/Frameworks/Python.framework/Versions/3.13/lib/python3.13/site-packages/rest_framework/decorators.py", line 50, in handler
    return func(*args, **kwargs)
  File "/Users/ayush/ecommerce/categories/views.py", line 76, in category_create
    category = category.objects.create(
               ^^^^^^^^
UnboundLocalError: cannot access local variable 'category' where it is not associated with a value
/Users/ayush/ecommerce/categories/views.py changed, reloading.
Watching for file changes with StatReloader
/Users/ayush/ecommerce/categories/views.py changed, reloading.
Watching for file changes with StatReloader
category creation failed dure to invalid data 
Internal Server Error: /categories/create
Traceback (most recent call last):
  File "/Library/Frameworks/Python.framework/Versions/3.13/lib/python3.13/site-packages/django/core/handlers/exception.py", line 55, in inner
    response = get_response(request)
  File "/Library/Frameworks/Python.framework/Versions/3.13/lib/python3.13/site-packages/django/core/handlers/base.py", line 197, in _get_response
    response = wrapped_callback(request, *callback_args, **callback_kwargs)
  File "/Library/Frameworks/Python.framework/Versions/3.13/lib/python3.13/site-packages/django/views/decorators/csrf.py", line 65, in _view_wrapper
    return view_func(request, *args, **kwargs)
  File "/Library/Frameworks/Python.framework/Versions/3.13/lib/python3.13/site-packages/django/views/generic/base.py", line 104, in view
    return self.dispatch(request, *args, **kwargs)
           ~~~~~~~~~~~~~^^^^^^^^^^^^^^^^^^^^^^^^^^
  File "/Library/Frameworks/Python.framework/Versions/3.13/lib/python3.13/site-packages/rest_framework/views.py", line 515, in dispatch
    response = self.handle_exception(exc)
  File "/Library/Frameworks/Python.framework/Versions/3.13/lib/python3.13/site-packages/rest_framework/views.py", line 475, in handle_exception
    self.raise_uncaught_exception(exc)
    ~~~~~~~~~~~~~~~~~~~~~~~~~~~~~^^^^^
  File "/Library/Frameworks/Python.framework/Versions/3.13/lib/python3.13/site-packages/rest_framework/views.py", line 486, in raise_uncaught_exception
    raise exc
  File "/Library/Frameworks/Python.framework/Versions/3.13/lib/python3.13/site-packages/rest_framework/views.py", line 512, in dispatch
    response = handler(request, *args, **kwargs)
  File "/Library/Frameworks/Python.framework/Versions/3.13/lib/python3.13/site-packages/rest_framework/decorators.py", line 50, in handler
    return func(*args, **kwargs)
  File "/Users/ayush/ecommerce/categories/views.py", line 82, in category_create
    return Response(category_to_dict(category),status=status.HTTP_200_CREATED)
                                                      ^^^^^^^^^^^^^^^^^^^^^^^
AttributeError: module 'rest_framework.status' has no attribute 'HTTP_200_CREATED'. Did you mean: 'HTTP_201_CREATED'?
/Users/ayush/ecommerce/categories/views.py changed, reloading.
Watching for file changes with StatReloader
Internal Server Error: /categories/create
Traceback (most recent call last):
  File "/Library/Frameworks/Python.framework/Versions/3.13/lib/python3.13/site-packages/django/db/backends/utils.py", line 105, in _execute
    return self.cursor.execute(sql, params)
           ~~~~~~~~~~~~~~~~~~~^^^^^^^^^^^^^
  File "/Library/Frameworks/Python.framework/Versions/3.13/lib/python3.13/site-packages/django/db/backends/sqlite3/base.py", line 354, in execute
    return super().execute(query, params)
           ~~~~~~~~~~~~~~~^^^^^^^^^^^^^^^
sqlite3.IntegrityError: UNIQUE constraint failed: categories_category.name

The above exception was the direct cause of the following exception:

Traceback (most recent call last):
  File "/Library/Frameworks/Python.framework/Versions/3.13/lib/python3.13/site-packages/django/core/handlers/exception.py", line 55, in inner
    response = get_response(request)
  File "/Library/Frameworks/Python.framework/Versions/3.13/lib/python3.13/site-packages/django/core/handlers/base.py", line 197, in _get_response
    response = wrapped_callback(request, *callback_args, **callback_kwargs)
  File "/Library/Frameworks/Python.framework/Versions/3.13/lib/python3.13/site-packages/django/views/decorators/csrf.py", line 65, in _view_wrapper
    return view_func(request, *args, **kwargs)
  File "/Library/Frameworks/Python.framework/Versions/3.13/lib/python3.13/site-packages/django/views/generic/base.py", line 104, in view
    return self.dispatch(request, *args, **kwargs)
           ~~~~~~~~~~~~~^^^^^^^^^^^^^^^^^^^^^^^^^^
  File "/Library/Frameworks/Python.framework/Versions/3.13/lib/python3.13/site-packages/rest_framework/views.py", line 515, in dispatch
    response = self.handle_exception(exc)
  File "/Library/Frameworks/Python.framework/Versions/3.13/lib/python3.13/site-packages/rest_framework/views.py", line 475, in handle_exception
    self.raise_uncaught_exception(exc)
    ~~~~~~~~~~~~~~~~~~~~~~~~~~~~~^^^^^
  File "/Library/Frameworks/Python.framework/Versions/3.13/lib/python3.13/site-packages/rest_framework/views.py", line 486, in raise_uncaught_exception
    raise exc
  File "/Library/Frameworks/Python.framework/Versions/3.13/lib/python3.13/site-packages/rest_framework/views.py", line 512, in dispatch
    response = handler(request, *args, **kwargs)
  File "/Library/Frameworks/Python.framework/Versions/3.13/lib/python3.13/site-packages/rest_framework/decorators.py", line 50, in handler
    return func(*args, **kwargs)
  File "/Users/ayush/ecommerce/categories/views.py", line 76, in category_create
    category = Category.objects.create(
        name = name,
        parent = parent
    )
  File "/Library/Frameworks/Python.framework/Versions/3.13/lib/python3.13/site-packages/django/db/models/manager.py", line 87, in manager_method
    return getattr(self.get_queryset(), name)(*args, **kwargs)
           ~~~~~~~~~~~~~~~~~~~~~~~~~~~~~~~~~~^^^^^^^^^^^^^^^^^
  File "/Library/Frameworks/Python.framework/Versions/3.13/lib/python3.13/site-packages/django/db/models/query.py", line 679, in create
    obj.save(force_insert=True, using=self.db)
    ~~~~~~~~^^^^^^^^^^^^^^^^^^^^^^^^^^^^^^^^^^
  File "/Library/Frameworks/Python.framework/Versions/3.13/lib/python3.13/site-packages/django/db/models/base.py", line 891, in save
    self.save_base(
    ~~~~~~~~~~~~~~^
        using=using,
        ^^^^^^^^^^^^
    ...<2 lines>...
        update_fields=update_fields,
        ^^^^^^^^^^^^^^^^^^^^^^^^^^^^
    )
    ^
  File "/Library/Frameworks/Python.framework/Versions/3.13/lib/python3.13/site-packages/django/db/models/base.py", line 997, in save_base
    updated = self._save_table(
        raw,
    ...<4 lines>...
        update_fields,
    )
  File "/Library/Frameworks/Python.framework/Versions/3.13/lib/python3.13/site-packages/django/db/models/base.py", line 1160, in _save_table
    results = self._do_insert(
        cls._base_manager, using, fields, returning_fields, raw
    )
  File "/Library/Frameworks/Python.framework/Versions/3.13/lib/python3.13/site-packages/django/db/models/base.py", line 1201, in _do_insert
    return manager._insert(
           ~~~~~~~~~~~~~~~^
        [self],
        ^^^^^^^
    ...<3 lines>...
        raw=raw,
        ^^^^^^^^
    )
    ^
  File "/Library/Frameworks/Python.framework/Versions/3.13/lib/python3.13/site-packages/django/db/models/manager.py", line 87, in manager_method
    return getattr(self.get_queryset(), name)(*args, **kwargs)
           ~~~~~~~~~~~~~~~~~~~~~~~~~~~~~~~~~~^^^^^^^^^^^^^^^^^
  File "/Library/Frameworks/Python.framework/Versions/3.13/lib/python3.13/site-packages/django/db/models/query.py", line 1847, in _insert
    return query.get_compiler(using=using).execute_sql(returning_fields)
           ~~~~~~~~~~~~~~~~~~~~~~~~~~~~~~~~~~~~~~~~~~~^^^^^^^^^^^^^^^^^^
  File "/Library/Frameworks/Python.framework/Versions/3.13/lib/python3.13/site-packages/django/db/models/sql/compiler.py", line 1836, in execute_sql
    cursor.execute(sql, params)
    ~~~~~~~~~~~~~~^^^^^^^^^^^^^
  File "/Library/Frameworks/Python.framework/Versions/3.13/lib/python3.13/site-packages/django/db/backends/utils.py", line 122, in execute
    return super().execute(sql, params)
           ~~~~~~~~~~~~~~~^^^^^^^^^^^^^
  File "/Library/Frameworks/Python.framework/Versions/3.13/lib/python3.13/site-packages/django/db/backends/utils.py", line 79, in execute
    return self._execute_with_wrappers(
           ~~~~~~~~~~~~~~~~~~~~~~~~~~~^
        sql, params, many=False, executor=self._execute
        ^^^^^^^^^^^^^^^^^^^^^^^^^^^^^^^^^^^^^^^^^^^^^^^
    )
    ^
  File "/Library/Frameworks/Python.framework/Versions/3.13/lib/python3.13/site-packages/django/db/backends/utils.py", line 92, in _execute_with_wrappers
    return executor(sql, params, many, context)
  File "/Library/Frameworks/Python.framework/Versions/3.13/lib/python3.13/site-packages/django/db/backends/utils.py", line 100, in _execute
    with self.db.wrap_database_errors:
         ^^^^^^^^^^^^^^^^^^^^^^^^^^^^
  File "/Library/Frameworks/Python.framework/Versions/3.13/lib/python3.13/site-packages/django/db/utils.py", line 91, in __exit__
    raise dj_exc_value.with_traceback(traceback) from exc_value
  File "/Library/Frameworks/Python.framework/Versions/3.13/lib/python3.13/site-packages/django/db/backends/utils.py", line 105, in _execute
    return self.cursor.execute(sql, params)
           ~~~~~~~~~~~~~~~~~~~^^^^^^^^^^^^^
  File "/Library/Frameworks/Python.framework/Versions/3.13/lib/python3.13/site-packages/django/db/backends/sqlite3/base.py", line 354, in execute
    return super().execute(query, params)
           ~~~~~~~~~~~~~~~^^^^^^^^^^^^^^^
django.db.utils.IntegrityError: UNIQUE constraint failed: categories_category.name
Method Not Allowed: /categories/create
Method Not Allowed: /categories/create
Category List requested
Unauthorized: /categories/create
Method Not Allowed: /categories/create
category creation failed dure to invalid data 
/Users/ayush/ecommerce/categories/views.py changed, reloading.
Watching for file changes with StatReloader
/Users/ayush/ecommerce/categories/views.py changed, reloading.
Watching for file changes with StatReloader
/Users/ayush/ecommerce/categories/views.py changed, reloading.
Watching for file changes with StatReloader
Category List requested
Unauthorized: /categories/delete
Internal Server Error: /categories/delete
Traceback (most recent call last):
  File "/Library/Frameworks/Python.framework/Versions/3.13/lib/python3.13/site-packages/django/core/handlers/exception.py", line 55, in inner
    response = get_response(request)
  File "/Library/Frameworks/Python.framework/Versions/3.13/lib/python3.13/site-packages/django/core/handlers/base.py", line 197, in _get_response
    response = wrapped_callback(request, *callback_args, **callback_kwargs)
  File "/Library/Frameworks/Python.framework/Versions/3.13/lib/python3.13/site-packages/django/views/decorators/csrf.py", line 65, in _view_wrapper
    return view_func(request, *args, **kwargs)
  File "/Library/Frameworks/Python.framework/Versions/3.13/lib/python3.13/site-packages/django/views/generic/base.py", line 104, in view
    return self.dispatch(request, *args, **kwargs)
           ~~~~~~~~~~~~~^^^^^^^^^^^^^^^^^^^^^^^^^^
  File "/Library/Frameworks/Python.framework/Versions/3.13/lib/python3.13/site-packages/rest_framework/views.py", line 515, in dispatch
    response = self.handle_exception(exc)
  File "/Library/Frameworks/Python.framework/Versions/3.13/lib/python3.13/site-packages/rest_framework/views.py", line 475, in handle_exception
    self.raise_uncaught_exception(exc)
    ~~~~~~~~~~~~~~~~~~~~~~~~~~~~~^^^^^
  File "/Library/Frameworks/Python.framework/Versions/3.13/lib/python3.13/site-packages/rest_framework/views.py", line 486, in raise_uncaught_exception
    raise exc
  File "/Library/Frameworks/Python.framework/Versions/3.13/lib/python3.13/site-packages/rest_framework/views.py", line 512, in dispatch
    response = handler(request, *args, **kwargs)
  File "/Library/Frameworks/Python.framework/Versions/3.13/lib/python3.13/site-packages/rest_framework/decorators.py", line 50, in handler
    return func(*args, **kwargs)
  File "/Users/ayush/ecommerce/categories/views.py", line 97, in category_delete
    soft_delete_category_tree(category)
    ~~~~~~~~~~~~~~~~~~~~~~~~~^^^^^^^^^^
  File "/Users/ayush/ecommerce/categories/utils.py", line 6, in soft_delete_category_tree
    category = Category.objects.filter(category=category)
  File "/Library/Frameworks/Python.framework/Versions/3.13/lib/python3.13/site-packages/django/db/models/manager.py", line 87, in manager_method
    return getattr(self.get_queryset(), name)(*args, **kwargs)
           ~~~~~~~~~~~~~~~~~~~~~~~~~~~~~~~~~~^^^^^^^^^^^^^^^^^
  File "/Library/Frameworks/Python.framework/Versions/3.13/lib/python3.13/site-packages/django/db/models/query.py", line 1476, in filter
    return self._filter_or_exclude(False, args, kwargs)
           ~~~~~~~~~~~~~~~~~~~~~~~^^^^^^^^^^^^^^^^^^^^^
  File "/Library/Frameworks/Python.framework/Versions/3.13/lib/python3.13/site-packages/django/db/models/query.py", line 1494, in _filter_or_exclude
    clone._filter_or_exclude_inplace(negate, args, kwargs)
    ~~~~~~~~~~~~~~~~~~~~~~~~~~~~~~~~^^^^^^^^^^^^^^^^^^^^^^
  File "/Library/Frameworks/Python.framework/Versions/3.13/lib/python3.13/site-packages/django/db/models/query.py", line 1501, in _filter_or_exclude_inplace
    self._query.add_q(Q(*args, **kwargs))
    ~~~~~~~~~~~~~~~~~^^^^^^^^^^^^^^^^^^^^
  File "/Library/Frameworks/Python.framework/Versions/3.13/lib/python3.13/site-packages/django/db/models/sql/query.py", line 1609, in add_q
    clause, _ = self._add_q(q_object, self.used_aliases)
                ~~~~~~~~~~~^^^^^^^^^^^^^^^^^^^^^^^^^^^^^
  File "/Library/Frameworks/Python.framework/Versions/3.13/lib/python3.13/site-packages/django/db/models/sql/query.py", line 1641, in _add_q
    child_clause, needed_inner = self.build_filter(
                                 ~~~~~~~~~~~~~~~~~^
        child,
        ^^^^^^
    ...<7 lines>...
        update_join_types=update_join_types,
        ^^^^^^^^^^^^^^^^^^^^^^^^^^^^^^^^^^^^
    )
    ^
  File "/Library/Frameworks/Python.framework/Versions/3.13/lib/python3.13/site-packages/django/db/models/sql/query.py", line 1491, in build_filter
    lookups, parts, reffed_expression = self.solve_lookup_type(arg, summarize)
                                        ~~~~~~~~~~~~~~~~~~~~~~^^^^^^^^^^^^^^^^
  File "/Library/Frameworks/Python.framework/Versions/3.13/lib/python3.13/site-packages/django/db/models/sql/query.py", line 1303, in solve_lookup_type
    _, field, _, lookup_parts = self.names_to_path(lookup_splitted, self.get_meta())
                                ~~~~~~~~~~~~~~~~~~^^^^^^^^^^^^^^^^^^^^^^^^^^^^^^^^^^
  File "/Library/Frameworks/Python.framework/Versions/3.13/lib/python3.13/site-packages/django/db/models/sql/query.py", line 1768, in names_to_path
    raise FieldError(
    ...<2 lines>...
    )
django.core.exceptions.FieldError: Cannot resolve keyword 'category' into field. Choices are: children, id, is_deleted, name, parent, parent_id, products
/Users/ayush/ecommerce/categories/utils.py changed, reloading.
Watching for file changes with StatReloader
/Users/ayush/ecommerce/categories/utils.py changed, reloading.
Watching for file changes with StatReloader
Internal Server Error: /categories/delete
Traceback (most recent call last):
  File "/Library/Frameworks/Python.framework/Versions/3.13/lib/python3.13/site-packages/django/core/handlers/exception.py", line 55, in inner
    response = get_response(request)
  File "/Library/Frameworks/Python.framework/Versions/3.13/lib/python3.13/site-packages/django/core/handlers/base.py", line 197, in _get_response
    response = wrapped_callback(request, *callback_args, **callback_kwargs)
  File "/Library/Frameworks/Python.framework/Versions/3.13/lib/python3.13/site-packages/django/views/decorators/csrf.py", line 65, in _view_wrapper
    return view_func(request, *args, **kwargs)
  File "/Library/Frameworks/Python.framework/Versions/3.13/lib/python3.13/site-packages/django/views/generic/base.py", line 104, in view
    return self.dispatch(request, *args, **kwargs)
           ~~~~~~~~~~~~~^^^^^^^^^^^^^^^^^^^^^^^^^^
  File "/Library/Frameworks/Python.framework/Versions/3.13/lib/python3.13/site-packages/rest_framework/views.py", line 515, in dispatch
    response = self.handle_exception(exc)
  File "/Library/Frameworks/Python.framework/Versions/3.13/lib/python3.13/site-packages/rest_framework/views.py", line 475, in handle_exception
    self.raise_uncaught_exception(exc)
    ~~~~~~~~~~~~~~~~~~~~~~~~~~~~~^^^^^
  File "/Library/Frameworks/Python.framework/Versions/3.13/lib/python3.13/site-packages/rest_framework/views.py", line 486, in raise_uncaught_exception
    raise exc
  File "/Library/Frameworks/Python.framework/Versions/3.13/lib/python3.13/site-packages/rest_framework/views.py", line 512, in dispatch
    response = handler(request, *args, **kwargs)
  File "/Library/Frameworks/Python.framework/Versions/3.13/lib/python3.13/site-packages/rest_framework/decorators.py", line 50, in handler
    return func(*args, **kwargs)
  File "/Users/ayush/ecommerce/categories/views.py", line 97, in category_delete
    soft_delete_category_tree(category)
    ~~~~~~~~~~~~~~~~~~~~~~~~~^^^^^^^^^^
  File "/Users/ayush/ecommerce/categories/utils.py", line 9, in soft_delete_category_tree
    soft_delete_category_tree(sub)
    ~~~~~~~~~~~~~~~~~~~~~~~~~^^^^^
  File "/Users/ayush/ecommerce/categories/utils.py", line 12, in soft_delete_category_tree
    category.save()
    ^^^^^^^^^^^^^
AttributeError: 'QuerySet' object has no attribute 'save'
/Users/ayush/ecommerce/categories/utils.py changed, reloading.
Watching for file changes with StatReloader
/Users/ayush/ecommerce/categories/utils.py changed, reloading.
Watching for file changes with StatReloader
/Users/ayush/ecommerce/categories/utils.py changed, reloading.
Watching for file changes with StatReloader
category and related items moved to bin
/Users/ayush/ecommerce/categories/utils.py changed, reloading.
Watching for file changes with StatReloader
/Users/ayush/ecommerce/categories/utils.py changed, reloading.
Watching for file changes with StatReloader
/Users/ayush/ecommerce/categories/utils.py changed, reloading.
Watching for file changes with StatReloader
deleted category list requested
Not Found: /categories/restore
Internal Server Error: /categories/restore/2
Traceback (most recent call last):
  File "/Library/Frameworks/Python.framework/Versions/3.13/lib/python3.13/site-packages/django/core/handlers/exception.py", line 55, in inner
    response = get_response(request)
  File "/Library/Frameworks/Python.framework/Versions/3.13/lib/python3.13/site-packages/django/utils/deprecation.py", line 131, in __call__
    response = self.process_response(request, response)
  File "/Library/Frameworks/Python.framework/Versions/3.13/lib/python3.13/site-packages/django/middleware/common.py", line 108, in process_response
    return self.response_redirect_class(self.get_full_path_with_slash(request))
                                        ~~~~~~~~~~~~~~~~~~~~~~~~~~~~~^^^^^^^^^
  File "/Library/Frameworks/Python.framework/Versions/3.13/lib/python3.13/site-packages/django/middleware/common.py", line 87, in get_full_path_with_slash
    raise RuntimeError(
    ...<9 lines>...
    )
RuntimeError: You called this URL via POST, but the URL doesn't end in a slash and you have APPEND_SLASH set. Django can't redirect to the slash URL while maintaining POST data. Change your form to point to 127.0.0.1:8000/categories/restore/2/ (note the trailing slash), or set APPEND_SLASH=False in your Django settings.
Internal Server Error: /categories/restore/2/
Traceback (most recent call last):
  File "/Library/Frameworks/Python.framework/Versions/3.13/lib/python3.13/site-packages/django/core/handlers/exception.py", line 55, in inner
    response = get_response(request)
  File "/Library/Frameworks/Python.framework/Versions/3.13/lib/python3.13/site-packages/django/core/handlers/base.py", line 197, in _get_response
    response = wrapped_callback(request, *callback_args, **callback_kwargs)
  File "/Library/Frameworks/Python.framework/Versions/3.13/lib/python3.13/site-packages/django/views/decorators/csrf.py", line 65, in _view_wrapper
    return view_func(request, *args, **kwargs)
  File "/Library/Frameworks/Python.framework/Versions/3.13/lib/python3.13/site-packages/django/views/generic/base.py", line 104, in view
    return self.dispatch(request, *args, **kwargs)
           ~~~~~~~~~~~~~^^^^^^^^^^^^^^^^^^^^^^^^^^
  File "/Library/Frameworks/Python.framework/Versions/3.13/lib/python3.13/site-packages/rest_framework/views.py", line 515, in dispatch
    response = self.handle_exception(exc)
  File "/Library/Frameworks/Python.framework/Versions/3.13/lib/python3.13/site-packages/rest_framework/views.py", line 475, in handle_exception
    self.raise_uncaught_exception(exc)
    ~~~~~~~~~~~~~~~~~~~~~~~~~~~~~^^^^^
  File "/Library/Frameworks/Python.framework/Versions/3.13/lib/python3.13/site-packages/rest_framework/views.py", line 486, in raise_uncaught_exception
    raise exc
  File "/Library/Frameworks/Python.framework/Versions/3.13/lib/python3.13/site-packages/rest_framework/views.py", line 512, in dispatch
    response = handler(request, *args, **kwargs)
  File "/Library/Frameworks/Python.framework/Versions/3.13/lib/python3.13/site-packages/rest_framework/decorators.py", line 50, in handler
    return func(*args, **kwargs)
  File "/Users/ayush/ecommerce/categories/views.py", line 107, in category_restore
    category_id = request.data.get(id=pk)
TypeError: dict.get() takes no keyword arguments
/Users/ayush/ecommerce/categories/views.py changed, reloading.
Watching for file changes with StatReloader
/Users/ayush/ecommerce/categories/views.py changed, reloading.
Watching for file changes with StatReloader
/Users/ayush/ecommerce/categories/views.py changed, reloading.
Watching for file changes with StatReloader
Internal Server Error: /categories/restore/2/
Traceback (most recent call last):
  File "/Library/Frameworks/Python.framework/Versions/3.13/lib/python3.13/site-packages/django/core/handlers/exception.py", line 55, in inner
    response = get_response(request)
  File "/Library/Frameworks/Python.framework/Versions/3.13/lib/python3.13/site-packages/django/core/handlers/base.py", line 197, in _get_response
    response = wrapped_callback(request, *callback_args, **callback_kwargs)
  File "/Library/Frameworks/Python.framework/Versions/3.13/lib/python3.13/site-packages/django/views/decorators/csrf.py", line 65, in _view_wrapper
    return view_func(request, *args, **kwargs)
  File "/Library/Frameworks/Python.framework/Versions/3.13/lib/python3.13/site-packages/django/views/generic/base.py", line 104, in view
    return self.dispatch(request, *args, **kwargs)
           ~~~~~~~~~~~~~^^^^^^^^^^^^^^^^^^^^^^^^^^
  File "/Library/Frameworks/Python.framework/Versions/3.13/lib/python3.13/site-packages/rest_framework/views.py", line 515, in dispatch
    response = self.handle_exception(exc)
  File "/Library/Frameworks/Python.framework/Versions/3.13/lib/python3.13/site-packages/rest_framework/views.py", line 475, in handle_exception
    self.raise_uncaught_exception(exc)
    ~~~~~~~~~~~~~~~~~~~~~~~~~~~~~^^^^^
  File "/Library/Frameworks/Python.framework/Versions/3.13/lib/python3.13/site-packages/rest_framework/views.py", line 486, in raise_uncaught_exception
    raise exc
  File "/Library/Frameworks/Python.framework/Versions/3.13/lib/python3.13/site-packages/rest_framework/views.py", line 512, in dispatch
    response = handler(request, *args, **kwargs)
  File "/Library/Frameworks/Python.framework/Versions/3.13/lib/python3.13/site-packages/rest_framework/decorators.py", line 50, in handler
    return func(*args, **kwargs)
TypeError: category_restore() got an unexpected keyword argument 'pk'
/Users/ayush/ecommerce/categories/urls.py changed, reloading.
Watching for file changes with StatReloader
Bad Request: /categories/restore/
category restored
Category List requested
category and related items moved to bin
Category List requested
category restored
/Users/ayush/ecommerce/product/urls.py changed, reloading.
Watching for file changes with StatReloader
/Users/ayush/ecommerce/product/urls.py changed, reloading.
Watching for file changes with StatReloader
/Users/ayush/ecommerce/product/views.py changed, reloading.
Watching for file changes with StatReloader
/Users/ayush/ecommerce/product/views.py changed, reloading.
Watching for file changes with StatReloader
/Users/ayush/ecommerce/product/views.py changed, reloading.
Watching for file changes with StatReloader
/Users/ayush/ecommerce/product/views.py changed, reloading.
Watching for file changes with StatReloader
/Users/ayush/ecommerce/product/views.py changed, reloading.
Watching for file changes with StatReloader
/Users/ayush/ecommerce/product/views.py changed, reloading.
Watching for file changes with StatReloader
/Users/ayush/ecommerce/product/views.py changed, reloading.
Watching for file changes with StatReloader
/Users/ayush/ecommerce/product/views.py changed, reloading.
Watching for file changes with StatReloader
/Users/ayush/ecommerce/product/views.py changed, reloading.
Watching for file changes with StatReloader
/Users/ayush/ecommerce/product/views.py changed, reloading.
Watching for file changes with StatReloader
/Users/ayush/ecommerce/product/views.py changed, reloading.
Watching for file changes with StatReloader
/Users/ayush/ecommerce/product/views.py changed, reloading.
Watching for file changes with StatReloader
/Users/ayush/ecommerce/product/views.py changed, reloading.
Watching for file changes with StatReloader
/Users/ayush/ecommerce/product/views.py changed, reloading.
Watching for file changes with StatReloader
/Users/ayush/ecommerce/product/views.py changed, reloading.
Watching for file changes with StatReloader
/Users/ayush/ecommerce/product/views.py changed, reloading.
Watching for file changes with StatReloader
/Users/ayush/ecommerce/product/views.py changed, reloading.
Watching for file changes with StatReloader
/Users/ayush/ecommerce/product/views.py changed, reloading.
Watching for file changes with StatReloader
/Users/ayush/ecommerce/product/views.py changed, reloading.
Watching for file changes with StatReloader
/Users/ayush/ecommerce/product/views.py changed, reloading.
Watching for file changes with StatReloader
/Users/ayush/ecommerce/product/views.py changed, reloading.
Watching for file changes with StatReloader
/Users/ayush/ecommerce/product/views.py changed, reloading.
Watching for file changes with StatReloader
/Users/ayush/ecommerce/product/views.py changed, reloading.
Watching for file changes with StatReloader
/Users/ayush/ecommerce/product/views.py changed, reloading.
Watching for file changes with StatReloader
/Users/ayush/ecommerce/product/views.py changed, reloading.
Watching for file changes with StatReloader
/Users/ayush/ecommerce/product/views.py changed, reloading.
Watching for file changes with StatReloader
/Users/ayush/ecommerce/product/views.py changed, reloading.
Watching for file changes with StatReloader
/Users/ayush/ecommerce/product/views.py changed, reloading.
Watching for file changes with StatReloader
/Users/ayush/ecommerce/product/views.py changed, reloading.
Watching for file changes with StatReloader
/Users/ayush/ecommerce/product/views.py changed, reloading.
Watching for file changes with StatReloader
/Users/ayush/ecommerce/product/views.py changed, reloading.
Watching for file changes with StatReloader
/Users/ayush/ecommerce/product/views.py changed, reloading.
Watching for file changes with StatReloader
/Users/ayush/ecommerce/product/views.py changed, reloading.
Watching for file changes with StatReloader
/Users/ayush/ecommerce/product/views.py changed, reloading.
Watching for file changes with StatReloader
/Users/ayush/ecommerce/product/views.py changed, reloading.
Watching for file changes with StatReloader
/Users/ayush/ecommerce/product/views.py changed, reloading.
Watching for file changes with StatReloader
/Users/ayush/ecommerce/product/views.py changed, reloading.
Watching for file changes with StatReloader
/Users/ayush/ecommerce/product/views.py changed, reloading.
Watching for file changes with StatReloader
/Users/ayush/ecommerce/product/views.py changed, reloading.
Watching for file changes with StatReloader
/Users/ayush/ecommerce/product/views.py changed, reloading.
Watching for file changes with StatReloader
/Users/ayush/ecommerce/product/views.py changed, reloading.
Watching for file changes with StatReloader
Unauthorized: /product/get
Product List requested
Internal Server Error: /product/get
Traceback (most recent call last):
  File "/Library/Frameworks/Python.framework/Versions/3.13/lib/python3.13/site-packages/django/core/handlers/exception.py", line 55, in inner
    response = get_response(request)
  File "/Library/Frameworks/Python.framework/Versions/3.13/lib/python3.13/site-packages/django/core/handlers/base.py", line 220, in _get_response
    response = response.render()
  File "/Library/Frameworks/Python.framework/Versions/3.13/lib/python3.13/site-packages/django/template/response.py", line 114, in render
    self.content = self.rendered_content
                   ^^^^^^^^^^^^^^^^^^^^^
  File "/Library/Frameworks/Python.framework/Versions/3.13/lib/python3.13/site-packages/rest_framework/response.py", line 74, in rendered_content
    ret = renderer.render(self.data, accepted_media_type, context)
  File "/Library/Frameworks/Python.framework/Versions/3.13/lib/python3.13/site-packages/rest_framework/renderers.py", line 100, in render
    ret = json.dumps(
        data, cls=self.encoder_class,
        indent=indent, ensure_ascii=self.ensure_ascii,
        allow_nan=not self.strict, separators=separators
    )
  File "/Library/Frameworks/Python.framework/Versions/3.13/lib/python3.13/site-packages/rest_framework/utils/json.py", line 25, in dumps
    return json.dumps(*args, **kwargs)
           ~~~~~~~~~~^^^^^^^^^^^^^^^^^
  File "/Library/Frameworks/Python.framework/Versions/3.13/lib/python3.13/json/__init__.py", line 238, in dumps
    **kw).encode(obj)
          ~~~~~~^^^^^
  File "/Library/Frameworks/Python.framework/Versions/3.13/lib/python3.13/json/encoder.py", line 200, in encode
    chunks = self.iterencode(o, _one_shot=True)
  File "/Library/Frameworks/Python.framework/Versions/3.13/lib/python3.13/json/encoder.py", line 261, in iterencode
    return _iterencode(o, 0)
  File "/Library/Frameworks/Python.framework/Versions/3.13/lib/python3.13/site-packages/rest_framework/utils/encoders.py", line 67, in default
    return super().default(obj)
           ~~~~~~~~~~~~~~~^^^^^
  File "/Library/Frameworks/Python.framework/Versions/3.13/lib/python3.13/json/encoder.py", line 180, in default
    raise TypeError(f'Object of type {o.__class__.__name__} '
                    f'is not JSON serializable')
TypeError: Object of type Category is not JSON serializable
/Users/ayush/ecommerce/product/views.py changed, reloading.
Watching for file changes with StatReloader
/Users/ayush/ecommerce/product/views.py changed, reloading.
Watching for file changes with StatReloader
/Users/ayush/ecommerce/product/views.py changed, reloading.
Watching for file changes with StatReloader
Product List requested
Internal Server Error: /product/get
Traceback (most recent call last):
  File "/Library/Frameworks/Python.framework/Versions/3.13/lib/python3.13/site-packages/django/core/handlers/exception.py", line 55, in inner
    response = get_response(request)
  File "/Library/Frameworks/Python.framework/Versions/3.13/lib/python3.13/site-packages/django/core/handlers/base.py", line 220, in _get_response
    response = response.render()
  File "/Library/Frameworks/Python.framework/Versions/3.13/lib/python3.13/site-packages/django/template/response.py", line 114, in render
    self.content = self.rendered_content
                   ^^^^^^^^^^^^^^^^^^^^^
  File "/Library/Frameworks/Python.framework/Versions/3.13/lib/python3.13/site-packages/rest_framework/response.py", line 74, in rendered_content
    ret = renderer.render(self.data, accepted_media_type, context)
  File "/Library/Frameworks/Python.framework/Versions/3.13/lib/python3.13/site-packages/rest_framework/renderers.py", line 100, in render
    ret = json.dumps(
        data, cls=self.encoder_class,
        indent=indent, ensure_ascii=self.ensure_ascii,
        allow_nan=not self.strict, separators=separators
    )
  File "/Library/Frameworks/Python.framework/Versions/3.13/lib/python3.13/site-packages/rest_framework/utils/json.py", line 25, in dumps
    return json.dumps(*args, **kwargs)
           ~~~~~~~~~~^^^^^^^^^^^^^^^^^
  File "/Library/Frameworks/Python.framework/Versions/3.13/lib/python3.13/json/__init__.py", line 238, in dumps
    **kw).encode(obj)
          ~~~~~~^^^^^
  File "/Library/Frameworks/Python.framework/Versions/3.13/lib/python3.13/json/encoder.py", line 200, in encode
    chunks = self.iterencode(o, _one_shot=True)
  File "/Library/Frameworks/Python.framework/Versions/3.13/lib/python3.13/json/encoder.py", line 261, in iterencode
    return _iterencode(o, 0)
  File "/Library/Frameworks/Python.framework/Versions/3.13/lib/python3.13/site-packages/rest_framework/utils/encoders.py", line 67, in default
    return super().default(obj)
           ~~~~~~~~~~~~~~~^^^^^
  File "/Library/Frameworks/Python.framework/Versions/3.13/lib/python3.13/json/encoder.py", line 180, in default
    raise TypeError(f'Object of type {o.__class__.__name__} '
                    f'is not JSON serializable')
TypeError: Object of type Category is not JSON serializable
/Users/ayush/ecommerce/product/views.py changed, reloading.
Watching for file changes with StatReloader
/Users/ayush/ecommerce/product/views.py changed, reloading.
Watching for file changes with StatReloader
/Users/ayush/ecommerce/product/views.py changed, reloading.
Watching for file changes with StatReloader
Product List requested
Not Found: /product/create
Category List requested
/Users/ayush/ecommerce/product/views.py changed, reloading.
Watching for file changes with StatReloader
/Users/ayush/ecommerce/product/views.py changed, reloading.
Watching for file changes with StatReloader
/Users/ayush/ecommerce/product/views.py changed, reloading.
Watching for file changes with StatReloader
/Users/ayush/ecommerce/product/views.py changed, reloading.
Watching for file changes with StatReloader
/Users/ayush/ecommerce/product/views.py changed, reloading.
Watching for file changes with StatReloader
/Users/ayush/ecommerce/product/views.py changed, reloading.
Watching for file changes with StatReloader
/Users/ayush/ecommerce/product/views.py changed, reloading.
Watching for file changes with StatReloader
/Users/ayush/ecommerce/product/views.py changed, reloading.
Watching for file changes with StatReloader
/Users/ayush/ecommerce/product/views.py changed, reloading.
Watching for file changes with StatReloader
/Users/ayush/ecommerce/product/views.py changed, reloading.
Watching for file changes with StatReloader
/Users/ayush/ecommerce/product/views.py changed, reloading.
Watching for file changes with StatReloader
/Users/ayush/ecommerce/product/views.py changed, reloading.
Watching for file changes with StatReloader
/Users/ayush/ecommerce/product/views.py changed, reloading.
Watching for file changes with StatReloader
/Users/ayush/ecommerce/product/views.py changed, reloading.
Watching for file changes with StatReloader
/Users/ayush/ecommerce/product/views.py changed, reloading.
Watching for file changes with StatReloader
/Users/ayush/ecommerce/product/views.py changed, reloading.
Watching for file changes with StatReloader
/Users/ayush/ecommerce/product/views.py changed, reloading.
Watching for file changes with StatReloader
/Users/ayush/ecommerce/product/views.py changed, reloading.
Watching for file changes with StatReloader
/Users/ayush/ecommerce/product/views.py changed, reloading.
Watching for file changes with StatReloader
/Users/ayush/ecommerce/product/views.py changed, reloading.
Watching for file changes with StatReloader
/Users/ayush/ecommerce/product/views.py changed, reloading.
Watching for file changes with StatReloader
/Users/ayush/ecommerce/product/views.py changed, reloading.
Watching for file changes with StatReloader
/Users/ayush/ecommerce/product/views.py changed, reloading.
Watching for file changes with StatReloader
/Users/ayush/ecommerce/product/views.py changed, reloading.
Watching for file changes with StatReloader
/Users/ayush/ecommerce/product/views.py changed, reloading.
Watching for file changes with StatReloader
/Users/ayush/ecommerce/product/views.py changed, reloading.
Watching for file changes with StatReloader
/Users/ayush/ecommerce/product/views.py changed, reloading.
Watching for file changes with StatReloader
/Users/ayush/ecommerce/product/views.py changed, reloading.
Watching for file changes with StatReloader
/Users/ayush/ecommerce/product/views.py changed, reloading.
Watching for file changes with StatReloader
/Users/ayush/ecommerce/product/views.py changed, reloading.
Watching for file changes with StatReloader
/Users/ayush/ecommerce/product/views.py changed, reloading.
Watching for file changes with StatReloader
/Users/ayush/ecommerce/product/views.py changed, reloading.
Watching for file changes with StatReloader
/Users/ayush/ecommerce/product/views.py changed, reloading.
Watching for file changes with StatReloader
/Users/ayush/ecommerce/product/views.py changed, reloading.
Watching for file changes with StatReloader
/Users/ayush/ecommerce/product/views.py changed, reloading.
Watching for file changes with StatReloader
/Users/ayush/ecommerce/product/views.py changed, reloading.
Watching for file changes with StatReloader
/Users/ayush/ecommerce/product/views.py changed, reloading.
Watching for file changes with StatReloader
/Users/ayush/ecommerce/product/views.py changed, reloading.
Watching for file changes with StatReloader
/Users/ayush/ecommerce/product/views.py changed, reloading.
Watching for file changes with StatReloader
/Users/ayush/ecommerce/product/views.py changed, reloading.
Watching for file changes with StatReloader
/Users/ayush/ecommerce/product/views.py changed, reloading.
Watching for file changes with StatReloader
/Users/ayush/ecommerce/product/views.py changed, reloading.
Watching for file changes with StatReloader
/Users/ayush/ecommerce/product/views.py changed, reloading.
Watching for file changes with StatReloader
/Users/ayush/ecommerce/product/views.py changed, reloading.
Watching for file changes with StatReloader
/Users/ayush/ecommerce/product/views.py changed, reloading.
Watching for file changes with StatReloader
/Users/ayush/ecommerce/product/views.py changed, reloading.
Watching for file changes with StatReloader
/Users/ayush/ecommerce/product/views.py changed, reloading.
Watching for file changes with StatReloader
/Users/ayush/ecommerce/product/views.py changed, reloading.
Watching for file changes with StatReloader
/Users/ayush/ecommerce/product/views.py changed, reloading.
Watching for file changes with StatReloader
/Users/ayush/ecommerce/product/views.py changed, reloading.
Watching for file changes with StatReloader
/Users/ayush/ecommerce/product/views.py changed, reloading.
Watching for file changes with StatReloader
/Users/ayush/ecommerce/product/views.py changed, reloading.
Watching for file changes with StatReloader
/Users/ayush/ecommerce/product/views.py changed, reloading.
Watching for file changes with StatReloader
/Users/ayush/ecommerce/product/views.py changed, reloading.
Watching for file changes with StatReloader
/Users/ayush/ecommerce/product/views.py changed, reloading.
Watching for file changes with StatReloader
/Users/ayush/ecommerce/product/views.py changed, reloading.
Watching for file changes with StatReloader
/Users/ayush/ecommerce/product/views.py changed, reloading.
Watching for file changes with StatReloader
/Users/ayush/ecommerce/product/views.py changed, reloading.
Watching for file changes with StatReloader
/Users/ayush/ecommerce/product/views.py changed, reloading.
Watching for file changes with StatReloader
/Users/ayush/ecommerce/product/views.py changed, reloading.
Watching for file changes with StatReloader
/Users/ayush/ecommerce/product/views.py changed, reloading.
Watching for file changes with StatReloader
/Users/ayush/ecommerce/product/views.py changed, reloading.
Watching for file changes with StatReloader
/Users/ayush/ecommerce/product/views.py changed, reloading.
Watching for file changes with StatReloader
/Users/ayush/ecommerce/product/views.py changed, reloading.
Watching for file changes with StatReloader
/Users/ayush/ecommerce/product/views.py changed, reloading.
Watching for file changes with StatReloader
/Users/ayush/ecommerce/product/views.py changed, reloading.
Watching for file changes with StatReloader
/Users/ayush/ecommerce/product/views.py changed, reloading.
Watching for file changes with StatReloader
/Users/ayush/ecommerce/product/views.py changed, reloading.
Watching for file changes with StatReloader
/Users/ayush/ecommerce/product/views.py changed, reloading.
Watching for file changes with StatReloader
/Users/ayush/ecommerce/product/views.py changed, reloading.
Watching for file changes with StatReloader
/Users/ayush/ecommerce/product/urls.py changed, reloading.
Watching for file changes with StatReloader
/Users/ayush/ecommerce/product/urls.py changed, reloading.
Watching for file changes with StatReloader
/Users/ayush/ecommerce/product/urls.py changed, reloading.
Watching for file changes with StatReloader
/Users/ayush/ecommerce/product/urls.py changed, reloading.
Watching for file changes with StatReloader
Unauthorized: /product/create
Unauthorized: /product/create
Internal Server Error: /product/create
Traceback (most recent call last):
  File "/Library/Frameworks/Python.framework/Versions/3.13/lib/python3.13/site-packages/django/core/handlers/exception.py", line 55, in inner
    response = get_response(request)
  File "/Library/Frameworks/Python.framework/Versions/3.13/lib/python3.13/site-packages/django/core/handlers/base.py", line 197, in _get_response
    response = wrapped_callback(request, *callback_args, **callback_kwargs)
  File "/Library/Frameworks/Python.framework/Versions/3.13/lib/python3.13/site-packages/django/views/decorators/csrf.py", line 65, in _view_wrapper
    return view_func(request, *args, **kwargs)
  File "/Library/Frameworks/Python.framework/Versions/3.13/lib/python3.13/site-packages/django/views/generic/base.py", line 104, in view
    return self.dispatch(request, *args, **kwargs)
           ~~~~~~~~~~~~~^^^^^^^^^^^^^^^^^^^^^^^^^^
  File "/Library/Frameworks/Python.framework/Versions/3.13/lib/python3.13/site-packages/rest_framework/views.py", line 515, in dispatch
    response = self.handle_exception(exc)
  File "/Library/Frameworks/Python.framework/Versions/3.13/lib/python3.13/site-packages/rest_framework/views.py", line 475, in handle_exception
    self.raise_uncaught_exception(exc)
    ~~~~~~~~~~~~~~~~~~~~~~~~~~~~~^^^^^
  File "/Library/Frameworks/Python.framework/Versions/3.13/lib/python3.13/site-packages/rest_framework/views.py", line 486, in raise_uncaught_exception
    raise exc
  File "/Library/Frameworks/Python.framework/Versions/3.13/lib/python3.13/site-packages/rest_framework/views.py", line 503, in dispatch
    self.initial(request, *args, **kwargs)
    ~~~~~~~~~~~~^^^^^^^^^^^^^^^^^^^^^^^^^^
  File "/Library/Frameworks/Python.framework/Versions/3.13/lib/python3.13/site-packages/rest_framework/views.py", line 421, in initial
    self.check_permissions(request)
    ~~~~~~~~~~~~~~~~~~~~~~^^^^^^^^^
  File "/Library/Frameworks/Python.framework/Versions/3.13/lib/python3.13/site-packages/rest_framework/views.py", line 337, in check_permissions
    for permission in self.get_permissions():
                      ~~~~~~~~~~~~~~~~~~~~^^
  File "/Library/Frameworks/Python.framework/Versions/3.13/lib/python3.13/site-packages/rest_framework/views.py", line 284, in get_permissions
    return [permission() for permission in self.permission_classes]
            ~~~~~~~~~~^^
TypeError: 'str' object is not callable
/Users/ayush/ecommerce/product/views.py changed, reloading.
Watching for file changes with StatReloader
/Users/ayush/ecommerce/categories/views.py changed, reloading.
Watching for file changes with StatReloader
Internal Server Error: /product/create
Traceback (most recent call last):
  File "/Library/Frameworks/Python.framework/Versions/3.13/lib/python3.13/site-packages/django/core/handlers/exception.py", line 55, in inner
    response = get_response(request)
  File "/Library/Frameworks/Python.framework/Versions/3.13/lib/python3.13/site-packages/django/core/handlers/base.py", line 197, in _get_response
    response = wrapped_callback(request, *callback_args, **callback_kwargs)
  File "/Library/Frameworks/Python.framework/Versions/3.13/lib/python3.13/site-packages/django/views/decorators/csrf.py", line 65, in _view_wrapper
    return view_func(request, *args, **kwargs)
  File "/Library/Frameworks/Python.framework/Versions/3.13/lib/python3.13/site-packages/django/views/generic/base.py", line 104, in view
    return self.dispatch(request, *args, **kwargs)
           ~~~~~~~~~~~~~^^^^^^^^^^^^^^^^^^^^^^^^^^
  File "/Library/Frameworks/Python.framework/Versions/3.13/lib/python3.13/site-packages/rest_framework/views.py", line 515, in dispatch
    response = self.handle_exception(exc)
  File "/Library/Frameworks/Python.framework/Versions/3.13/lib/python3.13/site-packages/rest_framework/views.py", line 475, in handle_exception
    self.raise_uncaught_exception(exc)
    ~~~~~~~~~~~~~~~~~~~~~~~~~~~~~^^^^^
  File "/Library/Frameworks/Python.framework/Versions/3.13/lib/python3.13/site-packages/rest_framework/views.py", line 486, in raise_uncaught_exception
    raise exc
  File "/Library/Frameworks/Python.framework/Versions/3.13/lib/python3.13/site-packages/rest_framework/views.py", line 503, in dispatch
    self.initial(request, *args, **kwargs)
    ~~~~~~~~~~~~^^^^^^^^^^^^^^^^^^^^^^^^^^
  File "/Library/Frameworks/Python.framework/Versions/3.13/lib/python3.13/site-packages/rest_framework/views.py", line 421, in initial
    self.check_permissions(request)
    ~~~~~~~~~~~~~~~~~~~~~~^^^^^^^^^
  File "/Library/Frameworks/Python.framework/Versions/3.13/lib/python3.13/site-packages/rest_framework/views.py", line 337, in check_permissions
    for permission in self.get_permissions():
                      ~~~~~~~~~~~~~~~~~~~~^^
  File "/Library/Frameworks/Python.framework/Versions/3.13/lib/python3.13/site-packages/rest_framework/views.py", line 284, in get_permissions
    return [permission() for permission in self.permission_classes]
            ~~~~~~~~~~^^
TypeError: 'str' object is not callable
/Users/ayush/ecommerce/product/views.py changed, reloading.
Watching for file changes with StatReloader
/Users/ayush/ecommerce/product/views.py changed, reloading.
Watching for file changes with StatReloader
/Users/ayush/ecommerce/product/views.py changed, reloading.
Watching for file changes with StatReloader
Internal Server Error: /product/create
Traceback (most recent call last):
  File "/Library/Frameworks/Python.framework/Versions/3.13/lib/python3.13/site-packages/django/core/handlers/exception.py", line 55, in inner
    response = get_response(request)
  File "/Library/Frameworks/Python.framework/Versions/3.13/lib/python3.13/site-packages/django/core/handlers/base.py", line 197, in _get_response
    response = wrapped_callback(request, *callback_args, **callback_kwargs)
  File "/Library/Frameworks/Python.framework/Versions/3.13/lib/python3.13/site-packages/django/views/decorators/csrf.py", line 65, in _view_wrapper
    return view_func(request, *args, **kwargs)
  File "/Library/Frameworks/Python.framework/Versions/3.13/lib/python3.13/site-packages/django/views/generic/base.py", line 104, in view
    return self.dispatch(request, *args, **kwargs)
           ~~~~~~~~~~~~~^^^^^^^^^^^^^^^^^^^^^^^^^^
  File "/Library/Frameworks/Python.framework/Versions/3.13/lib/python3.13/site-packages/rest_framework/views.py", line 515, in dispatch
    response = self.handle_exception(exc)
  File "/Library/Frameworks/Python.framework/Versions/3.13/lib/python3.13/site-packages/rest_framework/views.py", line 475, in handle_exception
    self.raise_uncaught_exception(exc)
    ~~~~~~~~~~~~~~~~~~~~~~~~~~~~~^^^^^
  File "/Library/Frameworks/Python.framework/Versions/3.13/lib/python3.13/site-packages/rest_framework/views.py", line 486, in raise_uncaught_exception
    raise exc
  File "/Library/Frameworks/Python.framework/Versions/3.13/lib/python3.13/site-packages/rest_framework/views.py", line 512, in dispatch
    response = handler(request, *args, **kwargs)
  File "/Library/Frameworks/Python.framework/Versions/3.13/lib/python3.13/site-packages/rest_framework/decorators.py", line 50, in handler
    return func(*args, **kwargs)
  File "/Users/ayush/ecommerce/product/views.py", line 83, in product_create
    product = product.objects.create(
              ^^^^^^^
UnboundLocalError: cannot access local variable 'product' where it is not associated with a value
/Users/ayush/ecommerce/product/views.py changed, reloading.
Watching for file changes with StatReloader
Internal Server Error: /product/create
Traceback (most recent call last):
  File "/Library/Frameworks/Python.framework/Versions/3.13/lib/python3.13/site-packages/django/core/handlers/exception.py", line 55, in inner
    response = get_response(request)
  File "/Library/Frameworks/Python.framework/Versions/3.13/lib/python3.13/site-packages/django/core/handlers/base.py", line 197, in _get_response
    response = wrapped_callback(request, *callback_args, **callback_kwargs)
  File "/Library/Frameworks/Python.framework/Versions/3.13/lib/python3.13/site-packages/django/views/decorators/csrf.py", line 65, in _view_wrapper
    return view_func(request, *args, **kwargs)
  File "/Library/Frameworks/Python.framework/Versions/3.13/lib/python3.13/site-packages/django/views/generic/base.py", line 104, in view
    return self.dispatch(request, *args, **kwargs)
           ~~~~~~~~~~~~~^^^^^^^^^^^^^^^^^^^^^^^^^^
  File "/Library/Frameworks/Python.framework/Versions/3.13/lib/python3.13/site-packages/rest_framework/views.py", line 515, in dispatch
    response = self.handle_exception(exc)
  File "/Library/Frameworks/Python.framework/Versions/3.13/lib/python3.13/site-packages/rest_framework/views.py", line 475, in handle_exception
    self.raise_uncaught_exception(exc)
    ~~~~~~~~~~~~~~~~~~~~~~~~~~~~~^^^^^
  File "/Library/Frameworks/Python.framework/Versions/3.13/lib/python3.13/site-packages/rest_framework/views.py", line 486, in raise_uncaught_exception
    raise exc
  File "/Library/Frameworks/Python.framework/Versions/3.13/lib/python3.13/site-packages/rest_framework/views.py", line 512, in dispatch
    response = handler(request, *args, **kwargs)
  File "/Library/Frameworks/Python.framework/Versions/3.13/lib/python3.13/site-packages/rest_framework/decorators.py", line 50, in handler
    return func(*args, **kwargs)
  File "/Users/ayush/ecommerce/product/views.py", line 83, in product_create
    product = Product.objects.create(
        name=name,
        price = price,
        category = category
    )
  File "/Library/Frameworks/Python.framework/Versions/3.13/lib/python3.13/site-packages/django/db/models/manager.py", line 87, in manager_method
    return getattr(self.get_queryset(), name)(*args, **kwargs)
           ~~~~~~~~~~~~~~~~~~~~~~~~~~~~~~~~~~^^^^^^^^^^^^^^^^^
  File "/Library/Frameworks/Python.framework/Versions/3.13/lib/python3.13/site-packages/django/db/models/query.py", line 677, in create
    obj = self.model(**kwargs)
  File "/Library/Frameworks/Python.framework/Versions/3.13/lib/python3.13/site-packages/django/db/models/base.py", line 543, in __init__
    _setattr(self, field.name, rel_obj)
    ~~~~~~~~^^^^^^^^^^^^^^^^^^^^^^^^^^^
  File "/Library/Frameworks/Python.framework/Versions/3.13/lib/python3.13/site-packages/django/db/models/fields/related_descriptors.py", line 287, in __set__
    raise ValueError(
    ...<7 lines>...
    )
ValueError: Cannot assign "3": "Product.category" must be a "Category" instance.
/Users/ayush/ecommerce/product/views.py changed, reloading.
Watching for file changes with StatReloader
/Users/ayush/ecommerce/product/views.py changed, reloading.
Watching for file changes with StatReloader
/Users/ayush/ecommerce/product/views.py changed, reloading.
Watching for file changes with StatReloader
/Users/ayush/ecommerce/product/views.py changed, reloading.
Watching for file changes with StatReloader
/Users/ayush/ecommerce/product/views.py changed, reloading.
Watching for file changes with StatReloader
/Users/ayush/ecommerce/product/views.py changed, reloading.
Watching for file changes with StatReloader
Internal Server Error: /product/create
Traceback (most recent call last):
  File "/Library/Frameworks/Python.framework/Versions/3.13/lib/python3.13/site-packages/django/core/handlers/exception.py", line 55, in inner
    response = get_response(request)
  File "/Library/Frameworks/Python.framework/Versions/3.13/lib/python3.13/site-packages/django/core/handlers/base.py", line 197, in _get_response
    response = wrapped_callback(request, *callback_args, **callback_kwargs)
  File "/Library/Frameworks/Python.framework/Versions/3.13/lib/python3.13/site-packages/django/views/decorators/csrf.py", line 65, in _view_wrapper
    return view_func(request, *args, **kwargs)
  File "/Library/Frameworks/Python.framework/Versions/3.13/lib/python3.13/site-packages/django/views/generic/base.py", line 104, in view
    return self.dispatch(request, *args, **kwargs)
           ~~~~~~~~~~~~~^^^^^^^^^^^^^^^^^^^^^^^^^^
  File "/Library/Frameworks/Python.framework/Versions/3.13/lib/python3.13/site-packages/rest_framework/views.py", line 515, in dispatch
    response = self.handle_exception(exc)
  File "/Library/Frameworks/Python.framework/Versions/3.13/lib/python3.13/site-packages/rest_framework/views.py", line 475, in handle_exception
    self.raise_uncaught_exception(exc)
    ~~~~~~~~~~~~~~~~~~~~~~~~~~~~~^^^^^
  File "/Library/Frameworks/Python.framework/Versions/3.13/lib/python3.13/site-packages/rest_framework/views.py", line 486, in raise_uncaught_exception
    raise exc
  File "/Library/Frameworks/Python.framework/Versions/3.13/lib/python3.13/site-packages/rest_framework/views.py", line 512, in dispatch
    response = handler(request, *args, **kwargs)
  File "/Library/Frameworks/Python.framework/Versions/3.13/lib/python3.13/site-packages/rest_framework/decorators.py", line 50, in handler
    return func(*args, **kwargs)
  File "/Users/ayush/ecommerce/product/views.py", line 78, in product_create
    category = category.objects.filter(id=category_id).first()
               ^^^^^^^^
UnboundLocalError: cannot access local variable 'category' where it is not associated with a value
/Users/ayush/ecommerce/product/views.py changed, reloading.
Watching for file changes with StatReloader
Internal Server Error: /product/create
Traceback (most recent call last):
  File "/Library/Frameworks/Python.framework/Versions/3.13/lib/python3.13/site-packages/django/core/handlers/exception.py", line 55, in inner
    response = get_response(request)
  File "/Library/Frameworks/Python.framework/Versions/3.13/lib/python3.13/site-packages/django/core/handlers/base.py", line 197, in _get_response
    response = wrapped_callback(request, *callback_args, **callback_kwargs)
  File "/Library/Frameworks/Python.framework/Versions/3.13/lib/python3.13/site-packages/django/views/decorators/csrf.py", line 65, in _view_wrapper
    return view_func(request, *args, **kwargs)
  File "/Library/Frameworks/Python.framework/Versions/3.13/lib/python3.13/site-packages/django/views/generic/base.py", line 104, in view
    return self.dispatch(request, *args, **kwargs)
           ~~~~~~~~~~~~~^^^^^^^^^^^^^^^^^^^^^^^^^^
  File "/Library/Frameworks/Python.framework/Versions/3.13/lib/python3.13/site-packages/rest_framework/views.py", line 515, in dispatch
    response = self.handle_exception(exc)
  File "/Library/Frameworks/Python.framework/Versions/3.13/lib/python3.13/site-packages/rest_framework/views.py", line 475, in handle_exception
    self.raise_uncaught_exception(exc)
    ~~~~~~~~~~~~~~~~~~~~~~~~~~~~~^^^^^
  File "/Library/Frameworks/Python.framework/Versions/3.13/lib/python3.13/site-packages/rest_framework/views.py", line 486, in raise_uncaught_exception
    raise exc
  File "/Library/Frameworks/Python.framework/Versions/3.13/lib/python3.13/site-packages/rest_framework/views.py", line 512, in dispatch
    response = handler(request, *args, **kwargs)
  File "/Library/Frameworks/Python.framework/Versions/3.13/lib/python3.13/site-packages/rest_framework/decorators.py", line 50, in handler
    return func(*args, **kwargs)
  File "/Users/ayush/ecommerce/product/views.py", line 78, in product_create
    category = category.objects.filter(id=category_id).first()
               ^^^^^^^^
UnboundLocalError: cannot access local variable 'category' where it is not associated with a value
/Users/ayush/ecommerce/product/views.py changed, reloading.
Watching for file changes with StatReloader
/Users/ayush/ecommerce/product/views.py changed, reloading.
Watching for file changes with StatReloader
/Users/ayush/ecommerce/product/views.py changed, reloading.
Watching for file changes with StatReloader
product created successfully
Product List requested
/Users/ayush/ecommerce/categories/views.py changed, reloading.
Watching for file changes with StatReloader
/Users/ayush/ecommerce/categories/views.py changed, reloading.
Watching for file changes with StatReloader
/Users/ayush/ecommerce/categories/views.py changed, reloading.
Watching for file changes with StatReloader
/Users/ayush/ecommerce/categories/views.py changed, reloading.
Watching for file changes with StatReloader
/Users/ayush/ecommerce/categories/views.py changed, reloading.
Watching for file changes with StatReloader
/Users/ayush/ecommerce/categories/views.py changed, reloading.
Watching for file changes with StatReloader
/Users/ayush/ecommerce/categories/views.py changed, reloading.
Watching for file changes with StatReloader
/Users/ayush/ecommerce/categories/views.py changed, reloading.
Watching for file changes with StatReloader
/Users/ayush/ecommerce/categories/views.py changed, reloading.
Watching for file changes with StatReloader
/Users/ayush/ecommerce/categories/views.py changed, reloading.
Watching for file changes with StatReloader
/Users/ayush/ecommerce/categories/views.py changed, reloading.
Watching for file changes with StatReloader
/Users/ayush/ecommerce/categories/views.py changed, reloading.
Watching for file changes with StatReloader
/Users/ayush/ecommerce/categories/views.py changed, reloading.
Watching for file changes with StatReloader
/Users/ayush/ecommerce/categories/views.py changed, reloading.
Watching for file changes with StatReloader
/Users/ayush/ecommerce/categories/views.py changed, reloading.
Watching for file changes with StatReloader
/Users/ayush/ecommerce/categories/views.py changed, reloading.
Watching for file changes with StatReloader
/Users/ayush/ecommerce/categories/views.py changed, reloading.
Watching for file changes with StatReloader
/Users/ayush/ecommerce/categories/views.py changed, reloading.
Watching for file changes with StatReloader
/Users/ayush/ecommerce/categories/views.py changed, reloading.
Watching for file changes with StatReloader
/Users/ayush/ecommerce/categories/views.py changed, reloading.
Watching for file changes with StatReloader
/Users/ayush/ecommerce/categories/views.py changed, reloading.
Watching for file changes with StatReloader
/Users/ayush/ecommerce/categories/views.py changed, reloading.
Watching for file changes with StatReloader
/Users/ayush/ecommerce/categories/views.py changed, reloading.
Watching for file changes with StatReloader
/Users/ayush/ecommerce/categories/views.py changed, reloading.
Watching for file changes with StatReloader
/Users/ayush/ecommerce/categories/views.py changed, reloading.
Watching for file changes with StatReloader
/Users/ayush/ecommerce/categories/views.py changed, reloading.
Watching for file changes with StatReloader
/Users/ayush/ecommerce/categories/views.py changed, reloading.
Watching for file changes with StatReloader
/Users/ayush/ecommerce/categories/views.py changed, reloading.
Watching for file changes with StatReloader
/Users/ayush/ecommerce/categories/views.py changed, reloading.
Watching for file changes with StatReloader
/Users/ayush/ecommerce/categories/views.py changed, reloading.
Watching for file changes with StatReloader
/Users/ayush/ecommerce/categories/views.py changed, reloading.
Watching for file changes with StatReloader
/Users/ayush/ecommerce/categories/views.py changed, reloading.
Watching for file changes with StatReloader
/Users/ayush/ecommerce/categories/views.py changed, reloading.
Watching for file changes with StatReloader
/Users/ayush/ecommerce/categories/views.py changed, reloading.
Watching for file changes with StatReloader
/Users/ayush/ecommerce/categories/views.py changed, reloading.
Watching for file changes with StatReloader
/Users/ayush/ecommerce/categories/views.py changed, reloading.
Watching for file changes with StatReloader
/Users/ayush/ecommerce/categories/views.py changed, reloading.
Watching for file changes with StatReloader
/Users/ayush/ecommerce/categories/views.py changed, reloading.
Watching for file changes with StatReloader
/Users/ayush/ecommerce/categories/views.py changed, reloading.
Watching for file changes with StatReloader
/Users/ayush/ecommerce/categories/views.py changed, reloading.
Watching for file changes with StatReloader
/Users/ayush/ecommerce/categories/views.py changed, reloading.
Watching for file changes with StatReloader
/Users/ayush/ecommerce/categories/views.py changed, reloading.
Watching for file changes with StatReloader
/Users/ayush/ecommerce/categories/views.py changed, reloading.
Watching for file changes with StatReloader
/Users/ayush/ecommerce/categories/views.py changed, reloading.
Watching for file changes with StatReloader
/Users/ayush/ecommerce/categories/views.py changed, reloading.
Watching for file changes with StatReloader
/Users/ayush/ecommerce/categories/views.py changed, reloading.
Watching for file changes with StatReloader
/Users/ayush/ecommerce/categories/views.py changed, reloading.
Watching for file changes with StatReloader
/Users/ayush/ecommerce/categories/views.py changed, reloading.
Watching for file changes with StatReloader
/Users/ayush/ecommerce/categories/views.py changed, reloading.
Watching for file changes with StatReloader
/Users/ayush/ecommerce/categories/views.py changed, reloading.
Watching for file changes with StatReloader
/Users/ayush/ecommerce/categories/views.py changed, reloading.
Watching for file changes with StatReloader
/Users/ayush/ecommerce/categories/views.py changed, reloading.
Watching for file changes with StatReloader
/Users/ayush/ecommerce/categories/views.py changed, reloading.
Watching for file changes with StatReloader
/Users/ayush/ecommerce/categories/views.py changed, reloading.
Watching for file changes with StatReloader
/Users/ayush/ecommerce/categories/views.py changed, reloading.
Watching for file changes with StatReloader
/Users/ayush/ecommerce/categories/views.py changed, reloading.
Watching for file changes with StatReloader
/Users/ayush/ecommerce/categories/views.py changed, reloading.
Watching for file changes with StatReloader
/Users/ayush/ecommerce/categories/views.py changed, reloading.
Watching for file changes with StatReloader
/Users/ayush/ecommerce/categories/views.py changed, reloading.
Watching for file changes with StatReloader
/Users/ayush/ecommerce/categories/views.py changed, reloading.
Watching for file changes with StatReloader
/Users/ayush/ecommerce/categories/views.py changed, reloading.
Watching for file changes with StatReloader
/Users/ayush/ecommerce/categories/views.py changed, reloading.
Watching for file changes with StatReloader
/Users/ayush/ecommerce/categories/views.py changed, reloading.
Watching for file changes with StatReloader
/Users/ayush/ecommerce/categories/views.py changed, reloading.
Watching for file changes with StatReloader
/Users/ayush/ecommerce/categories/views.py changed, reloading.
Watching for file changes with StatReloader
/Users/ayush/ecommerce/categories/views.py changed, reloading.
Watching for file changes with StatReloader
/Users/ayush/ecommerce/categories/views.py changed, reloading.
Watching for file changes with StatReloader
/Users/ayush/ecommerce/categories/views.py changed, reloading.
Watching for file changes with StatReloader
/Users/ayush/ecommerce/categories/views.py changed, reloading.
Watching for file changes with StatReloader
/Users/ayush/ecommerce/categories/views.py changed, reloading.
Watching for file changes with StatReloader
/Users/ayush/ecommerce/categories/views.py changed, reloading.
Watching for file changes with StatReloader
/Users/ayush/ecommerce/categories/views.py changed, reloading.
Watching for file changes with StatReloader
/Users/ayush/ecommerce/categories/views.py changed, reloading.
Watching for file changes with StatReloader
/Users/ayush/ecommerce/categories/views.py changed, reloading.
Watching for file changes with StatReloader
/Users/ayush/ecommerce/categories/views.py changed, reloading.
Watching for file changes with StatReloader
/Users/ayush/ecommerce/categories/views.py changed, reloading.
Watching for file changes with StatReloader
/Users/ayush/ecommerce/categories/views.py changed, reloading.
Watching for file changes with StatReloader
/Users/ayush/ecommerce/categories/views.py changed, reloading.
Watching for file changes with StatReloader
/Users/ayush/ecommerce/categories/views.py changed, reloading.
Watching for file changes with StatReloader
/Users/ayush/ecommerce/categories/views.py changed, reloading.
Watching for file changes with StatReloader
/Users/ayush/ecommerce/categories/views.py changed, reloading.
Watching for file changes with StatReloader
/Users/ayush/ecommerce/categories/views.py changed, reloading.
Watching for file changes with StatReloader
/Users/ayush/ecommerce/categories/views.py changed, reloading.
Watching for file changes with StatReloader
/Users/ayush/ecommerce/categories/views.py changed, reloading.
Watching for file changes with StatReloader
/Users/ayush/ecommerce/categories/views.py changed, reloading.
Watching for file changes with StatReloader
/Users/ayush/ecommerce/categories/views.py changed, reloading.
Watching for file changes with StatReloader
/Users/ayush/ecommerce/categories/views.py changed, reloading.
Watching for file changes with StatReloader
/Users/ayush/ecommerce/categories/views.py changed, reloading.
Watching for file changes with StatReloader
/Users/ayush/ecommerce/categories/views.py changed, reloading.
Watching for file changes with StatReloader
/Users/ayush/ecommerce/categories/views.py changed, reloading.
Watching for file changes with StatReloader
/Users/ayush/ecommerce/categories/views.py changed, reloading.
Watching for file changes with StatReloader
/Users/ayush/ecommerce/categories/views.py changed, reloading.
Watching for file changes with StatReloader
/Users/ayush/ecommerce/categories/views.py changed, reloading.
Watching for file changes with StatReloader
/Users/ayush/ecommerce/categories/views.py changed, reloading.
Watching for file changes with StatReloader
/Users/ayush/ecommerce/categories/views.py changed, reloading.
Watching for file changes with StatReloader
/Users/ayush/ecommerce/categories/views.py changed, reloading.
Watching for file changes with StatReloader
/Users/ayush/ecommerce/categories/urls.py changed, reloading.
Watching for file changes with StatReloader
/Users/ayush/ecommerce/categories/urls.py changed, reloading.
Watching for file changes with StatReloader
/Users/ayush/ecommerce/categories/urls.py changed, reloading.
Watching for file changes with StatReloader
/Users/ayush/ecommerce/categories/urls.py changed, reloading.
Watching for file changes with StatReloader
/Users/ayush/ecommerce/categories/urls.py changed, reloading.
Watching for file changes with StatReloader
/Users/ayush/ecommerce/categories/urls.py changed, reloading.
Watching for file changes with StatReloader
Category List requested
Internal Server Error: /categories/getbyid
Traceback (most recent call last):
  File "/Library/Frameworks/Python.framework/Versions/3.13/lib/python3.13/site-packages/django/db/models/fields/__init__.py", line 2123, in get_prep_value
    return int(value)
TypeError: int() argument must be a string, a bytes-like object or a real number, not 'builtin_function_or_method'

The above exception was the direct cause of the following exception:

Traceback (most recent call last):
  File "/Library/Frameworks/Python.framework/Versions/3.13/lib/python3.13/site-packages/django/core/handlers/exception.py", line 55, in inner
    response = get_response(request)
  File "/Library/Frameworks/Python.framework/Versions/3.13/lib/python3.13/site-packages/django/core/handlers/base.py", line 197, in _get_response
    response = wrapped_callback(request, *callback_args, **callback_kwargs)
  File "/Library/Frameworks/Python.framework/Versions/3.13/lib/python3.13/site-packages/django/views/decorators/csrf.py", line 65, in _view_wrapper
    return view_func(request, *args, **kwargs)
  File "/Library/Frameworks/Python.framework/Versions/3.13/lib/python3.13/site-packages/django/views/generic/base.py", line 104, in view
    return self.dispatch(request, *args, **kwargs)
           ~~~~~~~~~~~~~^^^^^^^^^^^^^^^^^^^^^^^^^^
  File "/Library/Frameworks/Python.framework/Versions/3.13/lib/python3.13/site-packages/rest_framework/views.py", line 515, in dispatch
    response = self.handle_exception(exc)
  File "/Library/Frameworks/Python.framework/Versions/3.13/lib/python3.13/site-packages/rest_framework/views.py", line 475, in handle_exception
    self.raise_uncaught_exception(exc)
    ~~~~~~~~~~~~~~~~~~~~~~~~~~~~~^^^^^
  File "/Library/Frameworks/Python.framework/Versions/3.13/lib/python3.13/site-packages/rest_framework/views.py", line 486, in raise_uncaught_exception
    raise exc
  File "/Library/Frameworks/Python.framework/Versions/3.13/lib/python3.13/site-packages/rest_framework/views.py", line 512, in dispatch
    response = handler(request, *args, **kwargs)
  File "/Library/Frameworks/Python.framework/Versions/3.13/lib/python3.13/site-packages/rest_framework/decorators.py", line 50, in handler
    return func(*args, **kwargs)
  File "/Users/ayush/ecommerce/categories/views.py", line 141, in category_by_id
    category = Category.objects.get(id = id)
  File "/Library/Frameworks/Python.framework/Versions/3.13/lib/python3.13/site-packages/django/db/models/manager.py", line 87, in manager_method
    return getattr(self.get_queryset(), name)(*args, **kwargs)
           ~~~~~~~~~~~~~~~~~~~~~~~~~~~~~~~~~~^^^^^^^^^^^^^^^^^
  File "/Library/Frameworks/Python.framework/Versions/3.13/lib/python3.13/site-packages/django/db/models/query.py", line 635, in get
    clone = self._chain() if self.query.combinator else self.filter(*args, **kwargs)
                                                        ~~~~~~~~~~~^^^^^^^^^^^^^^^^^
  File "/Library/Frameworks/Python.framework/Versions/3.13/lib/python3.13/site-packages/django/db/models/query.py", line 1476, in filter
    return self._filter_or_exclude(False, args, kwargs)
           ~~~~~~~~~~~~~~~~~~~~~~~^^^^^^^^^^^^^^^^^^^^^
  File "/Library/Frameworks/Python.framework/Versions/3.13/lib/python3.13/site-packages/django/db/models/query.py", line 1494, in _filter_or_exclude
    clone._filter_or_exclude_inplace(negate, args, kwargs)
    ~~~~~~~~~~~~~~~~~~~~~~~~~~~~~~~~^^^^^^^^^^^^^^^^^^^^^^
  File "/Library/Frameworks/Python.framework/Versions/3.13/lib/python3.13/site-packages/django/db/models/query.py", line 1501, in _filter_or_exclude_inplace
    self._query.add_q(Q(*args, **kwargs))
    ~~~~~~~~~~~~~~~~~^^^^^^^^^^^^^^^^^^^^
  File "/Library/Frameworks/Python.framework/Versions/3.13/lib/python3.13/site-packages/django/db/models/sql/query.py", line 1609, in add_q
    clause, _ = self._add_q(q_object, self.used_aliases)
                ~~~~~~~~~~~^^^^^^^^^^^^^^^^^^^^^^^^^^^^^
  File "/Library/Frameworks/Python.framework/Versions/3.13/lib/python3.13/site-packages/django/db/models/sql/query.py", line 1641, in _add_q
    child_clause, needed_inner = self.build_filter(
                                 ~~~~~~~~~~~~~~~~~^
        child,
        ^^^^^^
    ...<7 lines>...
        update_join_types=update_join_types,
        ^^^^^^^^^^^^^^^^^^^^^^^^^^^^^^^^^^^^
    )
    ^
  File "/Library/Frameworks/Python.framework/Versions/3.13/lib/python3.13/site-packages/django/db/models/sql/query.py", line 1555, in build_filter
    condition = self.build_lookup(lookups, col, value)
  File "/Library/Frameworks/Python.framework/Versions/3.13/lib/python3.13/site-packages/django/db/models/sql/query.py", line 1385, in build_lookup
    lookup = lookup_class(lhs, rhs)
  File "/Library/Frameworks/Python.framework/Versions/3.13/lib/python3.13/site-packages/django/db/models/lookups.py", line 30, in __init__
    self.rhs = self.get_prep_lookup()
               ~~~~~~~~~~~~~~~~~~~~^^
  File "/Library/Frameworks/Python.framework/Versions/3.13/lib/python3.13/site-packages/django/db/models/lookups.py", line 369, in get_prep_lookup
    return super().get_prep_lookup()
           ~~~~~~~~~~~~~~~~~~~~~~~^^
  File "/Library/Frameworks/Python.framework/Versions/3.13/lib/python3.13/site-packages/django/db/models/lookups.py", line 88, in get_prep_lookup
    return self.lhs.output_field.get_prep_value(self.rhs)
           ~~~~~~~~~~~~~~~~~~~~~~~~~~~~~~~~~~~~^^^^^^^^^^
  File "/Library/Frameworks/Python.framework/Versions/3.13/lib/python3.13/site-packages/django/db/models/fields/__init__.py", line 2125, in get_prep_value
    raise e.__class__(
        "Field '%s' expected a number but got %r." % (self.name, value),
    ) from e
TypeError: Field 'id' expected a number but got <built-in function id>.
Category List requested
Internal Server Error: /categories/getbyid
Traceback (most recent call last):
  File "/Library/Frameworks/Python.framework/Versions/3.13/lib/python3.13/site-packages/django/db/models/fields/__init__.py", line 2123, in get_prep_value
    return int(value)
TypeError: int() argument must be a string, a bytes-like object or a real number, not 'builtin_function_or_method'

The above exception was the direct cause of the following exception:

Traceback (most recent call last):
  File "/Library/Frameworks/Python.framework/Versions/3.13/lib/python3.13/site-packages/django/core/handlers/exception.py", line 55, in inner
    response = get_response(request)
  File "/Library/Frameworks/Python.framework/Versions/3.13/lib/python3.13/site-packages/django/core/handlers/base.py", line 197, in _get_response
    response = wrapped_callback(request, *callback_args, **callback_kwargs)
  File "/Library/Frameworks/Python.framework/Versions/3.13/lib/python3.13/site-packages/django/views/decorators/csrf.py", line 65, in _view_wrapper
    return view_func(request, *args, **kwargs)
  File "/Library/Frameworks/Python.framework/Versions/3.13/lib/python3.13/site-packages/django/views/generic/base.py", line 104, in view
    return self.dispatch(request, *args, **kwargs)
           ~~~~~~~~~~~~~^^^^^^^^^^^^^^^^^^^^^^^^^^
  File "/Library/Frameworks/Python.framework/Versions/3.13/lib/python3.13/site-packages/rest_framework/views.py", line 515, in dispatch
    response = self.handle_exception(exc)
  File "/Library/Frameworks/Python.framework/Versions/3.13/lib/python3.13/site-packages/rest_framework/views.py", line 475, in handle_exception
    self.raise_uncaught_exception(exc)
    ~~~~~~~~~~~~~~~~~~~~~~~~~~~~~^^^^^
  File "/Library/Frameworks/Python.framework/Versions/3.13/lib/python3.13/site-packages/rest_framework/views.py", line 486, in raise_uncaught_exception
    raise exc
  File "/Library/Frameworks/Python.framework/Versions/3.13/lib/python3.13/site-packages/rest_framework/views.py", line 512, in dispatch
    response = handler(request, *args, **kwargs)
  File "/Library/Frameworks/Python.framework/Versions/3.13/lib/python3.13/site-packages/rest_framework/decorators.py", line 50, in handler
    return func(*args, **kwargs)
  File "/Users/ayush/ecommerce/categories/views.py", line 141, in category_by_id
    category = Category.objects.get(id = id)
  File "/Library/Frameworks/Python.framework/Versions/3.13/lib/python3.13/site-packages/django/db/models/manager.py", line 87, in manager_method
    return getattr(self.get_queryset(), name)(*args, **kwargs)
           ~~~~~~~~~~~~~~~~~~~~~~~~~~~~~~~~~~^^^^^^^^^^^^^^^^^
  File "/Library/Frameworks/Python.framework/Versions/3.13/lib/python3.13/site-packages/django/db/models/query.py", line 635, in get
    clone = self._chain() if self.query.combinator else self.filter(*args, **kwargs)
                                                        ~~~~~~~~~~~^^^^^^^^^^^^^^^^^
  File "/Library/Frameworks/Python.framework/Versions/3.13/lib/python3.13/site-packages/django/db/models/query.py", line 1476, in filter
    return self._filter_or_exclude(False, args, kwargs)
           ~~~~~~~~~~~~~~~~~~~~~~~^^^^^^^^^^^^^^^^^^^^^
  File "/Library/Frameworks/Python.framework/Versions/3.13/lib/python3.13/site-packages/django/db/models/query.py", line 1494, in _filter_or_exclude
    clone._filter_or_exclude_inplace(negate, args, kwargs)
    ~~~~~~~~~~~~~~~~~~~~~~~~~~~~~~~~^^^^^^^^^^^^^^^^^^^^^^
  File "/Library/Frameworks/Python.framework/Versions/3.13/lib/python3.13/site-packages/django/db/models/query.py", line 1501, in _filter_or_exclude_inplace
    self._query.add_q(Q(*args, **kwargs))
    ~~~~~~~~~~~~~~~~~^^^^^^^^^^^^^^^^^^^^
  File "/Library/Frameworks/Python.framework/Versions/3.13/lib/python3.13/site-packages/django/db/models/sql/query.py", line 1609, in add_q
    clause, _ = self._add_q(q_object, self.used_aliases)
                ~~~~~~~~~~~^^^^^^^^^^^^^^^^^^^^^^^^^^^^^
  File "/Library/Frameworks/Python.framework/Versions/3.13/lib/python3.13/site-packages/django/db/models/sql/query.py", line 1641, in _add_q
    child_clause, needed_inner = self.build_filter(
                                 ~~~~~~~~~~~~~~~~~^
        child,
        ^^^^^^
    ...<7 lines>...
        update_join_types=update_join_types,
        ^^^^^^^^^^^^^^^^^^^^^^^^^^^^^^^^^^^^
    )
    ^
  File "/Library/Frameworks/Python.framework/Versions/3.13/lib/python3.13/site-packages/django/db/models/sql/query.py", line 1555, in build_filter
    condition = self.build_lookup(lookups, col, value)
  File "/Library/Frameworks/Python.framework/Versions/3.13/lib/python3.13/site-packages/django/db/models/sql/query.py", line 1385, in build_lookup
    lookup = lookup_class(lhs, rhs)
  File "/Library/Frameworks/Python.framework/Versions/3.13/lib/python3.13/site-packages/django/db/models/lookups.py", line 30, in __init__
    self.rhs = self.get_prep_lookup()
               ~~~~~~~~~~~~~~~~~~~~^^
  File "/Library/Frameworks/Python.framework/Versions/3.13/lib/python3.13/site-packages/django/db/models/lookups.py", line 369, in get_prep_lookup
    return super().get_prep_lookup()
           ~~~~~~~~~~~~~~~~~~~~~~~^^
  File "/Library/Frameworks/Python.framework/Versions/3.13/lib/python3.13/site-packages/django/db/models/lookups.py", line 88, in get_prep_lookup
    return self.lhs.output_field.get_prep_value(self.rhs)
           ~~~~~~~~~~~~~~~~~~~~~~~~~~~~~~~~~~~~^^^^^^^^^^
  File "/Library/Frameworks/Python.framework/Versions/3.13/lib/python3.13/site-packages/django/db/models/fields/__init__.py", line 2125, in get_prep_value
    raise e.__class__(
        "Field '%s' expected a number but got %r." % (self.name, value),
    ) from e
TypeError: Field 'id' expected a number but got <built-in function id>.
/Users/ayush/ecommerce/categories/views.py changed, reloading.
Watching for file changes with StatReloader
/Users/ayush/ecommerce/categories/views.py changed, reloading.
Watching for file changes with StatReloader
/Users/ayush/ecommerce/categories/views.py changed, reloading.
Watching for file changes with StatReloader
/Users/ayush/ecommerce/categories/views.py changed, reloading.
Watching for file changes with StatReloader
Category List requested
Category List requested
/Users/ayush/ecommerce/categories/views.py changed, reloading.
Watching for file changes with StatReloader
Category List requested
Internal Server Error: /categories/getbyid
Traceback (most recent call last):
  File "/Library/Frameworks/Python.framework/Versions/3.13/lib/python3.13/site-packages/django/core/handlers/exception.py", line 55, in inner
    response = get_response(request)
  File "/Library/Frameworks/Python.framework/Versions/3.13/lib/python3.13/site-packages/django/core/handlers/base.py", line 197, in _get_response
    response = wrapped_callback(request, *callback_args, **callback_kwargs)
  File "/Library/Frameworks/Python.framework/Versions/3.13/lib/python3.13/site-packages/django/views/decorators/csrf.py", line 65, in _view_wrapper
    return view_func(request, *args, **kwargs)
  File "/Library/Frameworks/Python.framework/Versions/3.13/lib/python3.13/site-packages/django/views/generic/base.py", line 104, in view
    return self.dispatch(request, *args, **kwargs)
           ~~~~~~~~~~~~~^^^^^^^^^^^^^^^^^^^^^^^^^^
  File "/Library/Frameworks/Python.framework/Versions/3.13/lib/python3.13/site-packages/rest_framework/views.py", line 515, in dispatch
    response = self.handle_exception(exc)
  File "/Library/Frameworks/Python.framework/Versions/3.13/lib/python3.13/site-packages/rest_framework/views.py", line 475, in handle_exception
    self.raise_uncaught_exception(exc)
    ~~~~~~~~~~~~~~~~~~~~~~~~~~~~~^^^^^
  File "/Library/Frameworks/Python.framework/Versions/3.13/lib/python3.13/site-packages/rest_framework/views.py", line 486, in raise_uncaught_exception
    raise exc
  File "/Library/Frameworks/Python.framework/Versions/3.13/lib/python3.13/site-packages/rest_framework/views.py", line 512, in dispatch
    response = handler(request, *args, **kwargs)
  File "/Library/Frameworks/Python.framework/Versions/3.13/lib/python3.13/site-packages/rest_framework/decorators.py", line 50, in handler
    return func(*args, **kwargs)
  File "/Users/ayush/ecommerce/categories/views.py", line 142, in category_by_id
    category = Category.objects.get(id = category_id).first()
               ^^^^^^^^^^^^^^^^^^^^^^^^^^^^^^^^^^^^^^^^^^^^
AttributeError: 'Category' object has no attribute 'first'
/Users/ayush/ecommerce/categories/urls.py changed, reloading.
Watching for file changes with StatReloader
/Users/ayush/ecommerce/categories/urls.py changed, reloading.
Watching for file changes with StatReloader
/Users/ayush/ecommerce/categories/urls.py changed, reloading.
Watching for file changes with StatReloader
/Users/ayush/ecommerce/categories/urls.py changed, reloading.
Watching for file changes with StatReloader
/Users/ayush/ecommerce/categories/urls.py changed, reloading.
Watching for file changes with StatReloader
Internal Server Error: /categories/getbyid/2
Traceback (most recent call last):
  File "/Library/Frameworks/Python.framework/Versions/3.13/lib/python3.13/site-packages/django/core/handlers/exception.py", line 55, in inner
    response = get_response(request)
  File "/Library/Frameworks/Python.framework/Versions/3.13/lib/python3.13/site-packages/django/core/handlers/base.py", line 197, in _get_response
    response = wrapped_callback(request, *callback_args, **callback_kwargs)
  File "/Library/Frameworks/Python.framework/Versions/3.13/lib/python3.13/site-packages/django/views/decorators/csrf.py", line 65, in _view_wrapper
    return view_func(request, *args, **kwargs)
  File "/Library/Frameworks/Python.framework/Versions/3.13/lib/python3.13/site-packages/django/views/generic/base.py", line 104, in view
    return self.dispatch(request, *args, **kwargs)
           ~~~~~~~~~~~~~^^^^^^^^^^^^^^^^^^^^^^^^^^
  File "/Library/Frameworks/Python.framework/Versions/3.13/lib/python3.13/site-packages/rest_framework/views.py", line 515, in dispatch
    response = self.handle_exception(exc)
  File "/Library/Frameworks/Python.framework/Versions/3.13/lib/python3.13/site-packages/rest_framework/views.py", line 475, in handle_exception
    self.raise_uncaught_exception(exc)
    ~~~~~~~~~~~~~~~~~~~~~~~~~~~~~^^^^^
  File "/Library/Frameworks/Python.framework/Versions/3.13/lib/python3.13/site-packages/rest_framework/views.py", line 486, in raise_uncaught_exception
    raise exc
  File "/Library/Frameworks/Python.framework/Versions/3.13/lib/python3.13/site-packages/rest_framework/views.py", line 512, in dispatch
    response = handler(request, *args, **kwargs)
  File "/Library/Frameworks/Python.framework/Versions/3.13/lib/python3.13/site-packages/rest_framework/decorators.py", line 50, in handler
    return func(*args, **kwargs)
TypeError: category_by_id() got an unexpected keyword argument 'id'
/Users/ayush/ecommerce/categories/views.py changed, reloading.
Watching for file changes with StatReloader
/Users/ayush/ecommerce/categories/views.py changed, reloading.
Watching for file changes with StatReloader
Internal Server Error: /categories/getbyid/2
Traceback (most recent call last):
  File "/Library/Frameworks/Python.framework/Versions/3.13/lib/python3.13/site-packages/django/core/handlers/exception.py", line 55, in inner
    response = get_response(request)
  File "/Library/Frameworks/Python.framework/Versions/3.13/lib/python3.13/site-packages/django/core/handlers/base.py", line 197, in _get_response
    response = wrapped_callback(request, *callback_args, **callback_kwargs)
  File "/Library/Frameworks/Python.framework/Versions/3.13/lib/python3.13/site-packages/django/views/decorators/csrf.py", line 65, in _view_wrapper
    return view_func(request, *args, **kwargs)
  File "/Library/Frameworks/Python.framework/Versions/3.13/lib/python3.13/site-packages/django/views/generic/base.py", line 104, in view
    return self.dispatch(request, *args, **kwargs)
           ~~~~~~~~~~~~~^^^^^^^^^^^^^^^^^^^^^^^^^^
  File "/Library/Frameworks/Python.framework/Versions/3.13/lib/python3.13/site-packages/rest_framework/views.py", line 515, in dispatch
    response = self.handle_exception(exc)
  File "/Library/Frameworks/Python.framework/Versions/3.13/lib/python3.13/site-packages/rest_framework/views.py", line 475, in handle_exception
    self.raise_uncaught_exception(exc)
    ~~~~~~~~~~~~~~~~~~~~~~~~~~~~~^^^^^
  File "/Library/Frameworks/Python.framework/Versions/3.13/lib/python3.13/site-packages/rest_framework/views.py", line 486, in raise_uncaught_exception
    raise exc
  File "/Library/Frameworks/Python.framework/Versions/3.13/lib/python3.13/site-packages/rest_framework/views.py", line 512, in dispatch
    response = handler(request, *args, **kwargs)
  File "/Library/Frameworks/Python.framework/Versions/3.13/lib/python3.13/site-packages/rest_framework/decorators.py", line 50, in handler
    return func(*args, **kwargs)
TypeError: category_by_id() got an unexpected keyword argument 'id'
/Users/ayush/ecommerce/categories/views.py changed, reloading.
Watching for file changes with StatReloader
/Users/ayush/ecommerce/categories/views.py changed, reloading.
Watching for file changes with StatReloader
/Users/ayush/ecommerce/categories/views.py changed, reloading.
Watching for file changes with StatReloader
/Users/ayush/ecommerce/categories/views.py changed, reloading.
Watching for file changes with StatReloader
/Users/ayush/ecommerce/categories/views.py changed, reloading.
Watching for file changes with StatReloader
/Users/ayush/ecommerce/categories/views.py changed, reloading.
Watching for file changes with StatReloader
/Users/ayush/ecommerce/categories/views.py changed, reloading.
Watching for file changes with StatReloader
/Users/ayush/ecommerce/categories/views.py changed, reloading.
Watching for file changes with StatReloader
/Users/ayush/ecommerce/categories/views.py changed, reloading.
Watching for file changes with StatReloader
Category List requested
Internal Server Error: /categories/getbyid/2
Traceback (most recent call last):
  File "/Library/Frameworks/Python.framework/Versions/3.13/lib/python3.13/site-packages/django/core/handlers/exception.py", line 55, in inner
    response = get_response(request)
  File "/Library/Frameworks/Python.framework/Versions/3.13/lib/python3.13/site-packages/django/core/handlers/base.py", line 197, in _get_response
    response = wrapped_callback(request, *callback_args, **callback_kwargs)
  File "/Library/Frameworks/Python.framework/Versions/3.13/lib/python3.13/site-packages/django/views/decorators/csrf.py", line 65, in _view_wrapper
    return view_func(request, *args, **kwargs)
  File "/Library/Frameworks/Python.framework/Versions/3.13/lib/python3.13/site-packages/django/views/generic/base.py", line 104, in view
    return self.dispatch(request, *args, **kwargs)
           ~~~~~~~~~~~~~^^^^^^^^^^^^^^^^^^^^^^^^^^
  File "/Library/Frameworks/Python.framework/Versions/3.13/lib/python3.13/site-packages/rest_framework/views.py", line 515, in dispatch
    response = self.handle_exception(exc)
  File "/Library/Frameworks/Python.framework/Versions/3.13/lib/python3.13/site-packages/rest_framework/views.py", line 475, in handle_exception
    self.raise_uncaught_exception(exc)
    ~~~~~~~~~~~~~~~~~~~~~~~~~~~~~^^^^^
  File "/Library/Frameworks/Python.framework/Versions/3.13/lib/python3.13/site-packages/rest_framework/views.py", line 486, in raise_uncaught_exception
    raise exc
  File "/Library/Frameworks/Python.framework/Versions/3.13/lib/python3.13/site-packages/rest_framework/views.py", line 512, in dispatch
    response = handler(request, *args, **kwargs)
  File "/Library/Frameworks/Python.framework/Versions/3.13/lib/python3.13/site-packages/rest_framework/decorators.py", line 50, in handler
    return func(*args, **kwargs)
  File "/Users/ayush/ecommerce/categories/views.py", line 136, in category_by_id
    category = Category.objects.filter(id=pk).first()
                                          ^^
NameError: name 'pk' is not defined
/Users/ayush/ecommerce/categories/views.py changed, reloading.
Watching for file changes with StatReloader
/Users/ayush/ecommerce/categories/views.py changed, reloading.
Watching for file changes with StatReloader
Category List requested
Category List requested
/Users/ayush/ecommerce/product/views.py changed, reloading.
Watching for file changes with StatReloader
/Users/ayush/ecommerce/product/views.py changed, reloading.
Watching for file changes with StatReloader
/Users/ayush/ecommerce/product/views.py changed, reloading.
Watching for file changes with StatReloader
/Users/ayush/ecommerce/product/views.py changed, reloading.
Watching for file changes with StatReloader
/Users/ayush/ecommerce/product/views.py changed, reloading.
Watching for file changes with StatReloader
/Users/ayush/ecommerce/product/views.py changed, reloading.
Watching for file changes with StatReloader
/Users/ayush/ecommerce/product/views.py changed, reloading.
Watching for file changes with StatReloader
/Users/ayush/ecommerce/product/views.py changed, reloading.
Watching for file changes with StatReloader
/Users/ayush/ecommerce/product/views.py changed, reloading.
Watching for file changes with StatReloader
/Users/ayush/ecommerce/product/views.py changed, reloading.
Watching for file changes with StatReloader
/Users/ayush/ecommerce/product/views.py changed, reloading.
Watching for file changes with StatReloader
/Users/ayush/ecommerce/product/views.py changed, reloading.
Watching for file changes with StatReloader
/Users/ayush/ecommerce/product/views.py changed, reloading.
Watching for file changes with StatReloader
/Users/ayush/ecommerce/product/views.py changed, reloading.
Watching for file changes with StatReloader
/Users/ayush/ecommerce/product/views.py changed, reloading.
Watching for file changes with StatReloader
/Users/ayush/ecommerce/product/views.py changed, reloading.
Watching for file changes with StatReloader
/Users/ayush/ecommerce/product/views.py changed, reloading.
Watching for file changes with StatReloader
/Users/ayush/ecommerce/product/views.py changed, reloading.
Watching for file changes with StatReloader
/Users/ayush/ecommerce/product/views.py changed, reloading.
Watching for file changes with StatReloader
/Users/ayush/ecommerce/product/views.py changed, reloading.
Watching for file changes with StatReloader
/Users/ayush/ecommerce/product/views.py changed, reloading.
Watching for file changes with StatReloader
/Users/ayush/ecommerce/product/views.py changed, reloading.
Watching for file changes with StatReloader
/Users/ayush/ecommerce/product/views.py changed, reloading.
Watching for file changes with StatReloader
/Users/ayush/ecommerce/categories/views.py changed, reloading.
Watching for file changes with StatReloader
/Users/ayush/ecommerce/categories/views.py changed, reloading.
Watching for file changes with StatReloader
/Users/ayush/ecommerce/categories/views.py changed, reloading.
Watching for file changes with StatReloader
/Users/ayush/ecommerce/categories/views.py changed, reloading.
Watching for file changes with StatReloader
/Users/ayush/ecommerce/categories/views.py changed, reloading.
Watching for file changes with StatReloader
/Users/ayush/ecommerce/product/views.py changed, reloading.
Watching for file changes with StatReloader
/Users/ayush/ecommerce/product/views.py changed, reloading.
Watching for file changes with StatReloader
/Users/ayush/ecommerce/product/views.py changed, reloading.
Watching for file changes with StatReloader
/Users/ayush/ecommerce/product/views.py changed, reloading.
Watching for file changes with StatReloader
/Users/ayush/ecommerce/product/views.py changed, reloading.
Watching for file changes with StatReloader
/Users/ayush/ecommerce/product/views.py changed, reloading.
Watching for file changes with StatReloader
/Users/ayush/ecommerce/product/views.py changed, reloading.
Watching for file changes with StatReloader
/Users/ayush/ecommerce/product/views.py changed, reloading.
Watching for file changes with StatReloader
/Users/ayush/ecommerce/product/views.py changed, reloading.
Watching for file changes with StatReloader
/Users/ayush/ecommerce/product/views.py changed, reloading.
Watching for file changes with StatReloader
/Users/ayush/ecommerce/product/views.py changed, reloading.
Watching for file changes with StatReloader
/Users/ayush/ecommerce/product/views.py changed, reloading.
Watching for file changes with StatReloader
/Users/ayush/ecommerce/product/views.py changed, reloading.
Watching for file changes with StatReloader
/Users/ayush/ecommerce/product/views.py changed, reloading.
Watching for file changes with StatReloader
/Users/ayush/ecommerce/product/views.py changed, reloading.
Watching for file changes with StatReloader
/Users/ayush/ecommerce/product/views.py changed, reloading.
Watching for file changes with StatReloader
/Users/ayush/ecommerce/product/views.py changed, reloading.
Watching for file changes with StatReloader
/Users/ayush/ecommerce/product/views.py changed, reloading.
Watching for file changes with StatReloader
/Users/ayush/ecommerce/product/views.py changed, reloading.
Watching for file changes with StatReloader
/Users/ayush/ecommerce/product/views.py changed, reloading.
Watching for file changes with StatReloader
/Users/ayush/ecommerce/product/views.py changed, reloading.
Watching for file changes with StatReloader
/Users/ayush/ecommerce/product/views.py changed, reloading.
Watching for file changes with StatReloader
/Users/ayush/ecommerce/product/urls.py changed, reloading.
Watching for file changes with StatReloader
/Users/ayush/ecommerce/product/urls.py changed, reloading.
Watching for file changes with StatReloader
/Users/ayush/ecommerce/product/urls.py changed, reloading.
Watching for file changes with StatReloader
/Users/ayush/ecommerce/product/urls.py changed, reloading.
Watching for file changes with StatReloader
/Users/ayush/ecommerce/product/urls.py changed, reloading.
Watching for file changes with StatReloader
/Users/ayush/ecommerce/product/urls.py changed, reloading.
Watching for file changes with StatReloader
Internal Server Error: /product/getbyid/3
Traceback (most recent call last):
  File "/Library/Frameworks/Python.framework/Versions/3.13/lib/python3.13/site-packages/django/core/handlers/exception.py", line 55, in inner
    response = get_response(request)
  File "/Library/Frameworks/Python.framework/Versions/3.13/lib/python3.13/site-packages/django/core/handlers/base.py", line 197, in _get_response
    response = wrapped_callback(request, *callback_args, **callback_kwargs)
  File "/Library/Frameworks/Python.framework/Versions/3.13/lib/python3.13/site-packages/django/views/decorators/csrf.py", line 65, in _view_wrapper
    return view_func(request, *args, **kwargs)
  File "/Library/Frameworks/Python.framework/Versions/3.13/lib/python3.13/site-packages/django/views/generic/base.py", line 104, in view
    return self.dispatch(request, *args, **kwargs)
           ~~~~~~~~~~~~~^^^^^^^^^^^^^^^^^^^^^^^^^^
  File "/Library/Frameworks/Python.framework/Versions/3.13/lib/python3.13/site-packages/rest_framework/views.py", line 515, in dispatch
    response = self.handle_exception(exc)
  File "/Library/Frameworks/Python.framework/Versions/3.13/lib/python3.13/site-packages/rest_framework/views.py", line 475, in handle_exception
    self.raise_uncaught_exception(exc)
    ~~~~~~~~~~~~~~~~~~~~~~~~~~~~~^^^^^
  File "/Library/Frameworks/Python.framework/Versions/3.13/lib/python3.13/site-packages/rest_framework/views.py", line 486, in raise_uncaught_exception
    raise exc
  File "/Library/Frameworks/Python.framework/Versions/3.13/lib/python3.13/site-packages/rest_framework/views.py", line 512, in dispatch
    response = handler(request, *args, **kwargs)
  File "/Library/Frameworks/Python.framework/Versions/3.13/lib/python3.13/site-packages/rest_framework/decorators.py", line 50, in handler
    return func(*args, **kwargs)
  File "/Users/ayush/ecommerce/product/views.py", line 99, in get_product_by_id
    data =[product_to_dict(pro) for pro in product]
                                           ^^^^^^^
TypeError: 'Product' object is not iterable
/Users/ayush/ecommerce/product/views.py changed, reloading.
Watching for file changes with StatReloader
/Users/ayush/ecommerce/product/views.py changed, reloading.
Watching for file changes with StatReloader
/Users/ayush/ecommerce/product/views.py changed, reloading.
Watching for file changes with StatReloader
/Users/ayush/ecommerce/product/views.py changed, reloading.
Watching for file changes with StatReloader
/Users/ayush/ecommerce/product/views.py changed, reloading.
Watching for file changes with StatReloader
Unauthorized: /product/get
Product List requested
/Users/ayush/ecommerce/product/views.py changed, reloading.
Watching for file changes with StatReloader
/Users/ayush/ecommerce/product/views.py changed, reloading.
Watching for file changes with StatReloader
/Users/ayush/ecommerce/product/views.py changed, reloading.
Watching for file changes with StatReloader
Watching for file changes with StatReloader
Internal Server Error: /product/getbyid/3
Traceback (most recent call last):
  File "/Library/Frameworks/Python.framework/Versions/3.13/lib/python3.13/site-packages/django/core/handlers/exception.py", line 55, in inner
    response = get_response(request)
  File "/Library/Frameworks/Python.framework/Versions/3.13/lib/python3.13/site-packages/django/core/handlers/base.py", line 197, in _get_response
    response = wrapped_callback(request, *callback_args, **callback_kwargs)
  File "/Library/Frameworks/Python.framework/Versions/3.13/lib/python3.13/site-packages/django/views/decorators/csrf.py", line 65, in _view_wrapper
    return view_func(request, *args, **kwargs)
  File "/Library/Frameworks/Python.framework/Versions/3.13/lib/python3.13/site-packages/django/views/generic/base.py", line 104, in view
    return self.dispatch(request, *args, **kwargs)
           ~~~~~~~~~~~~~^^^^^^^^^^^^^^^^^^^^^^^^^^
  File "/Library/Frameworks/Python.framework/Versions/3.13/lib/python3.13/site-packages/rest_framework/views.py", line 515, in dispatch
    response = self.handle_exception(exc)
  File "/Library/Frameworks/Python.framework/Versions/3.13/lib/python3.13/site-packages/rest_framework/views.py", line 475, in handle_exception
    self.raise_uncaught_exception(exc)
    ~~~~~~~~~~~~~~~~~~~~~~~~~~~~~^^^^^
  File "/Library/Frameworks/Python.framework/Versions/3.13/lib/python3.13/site-packages/rest_framework/views.py", line 486, in raise_uncaught_exception
    raise exc
  File "/Library/Frameworks/Python.framework/Versions/3.13/lib/python3.13/site-packages/rest_framework/views.py", line 512, in dispatch
    response = handler(request, *args, **kwargs)
  File "/Library/Frameworks/Python.framework/Versions/3.13/lib/python3.13/site-packages/rest_framework/decorators.py", line 50, in handler
    return func(*args, **kwargs)
  File "/Users/ayush/ecommerce/product/views.py", line 95, in get_product_by_id
    product = Product.objects.get(category = id).first()
              ~~~~~~~~~~~~~~~~~~~^^^^^^^^^^^^^^^
  File "/Library/Frameworks/Python.framework/Versions/3.13/lib/python3.13/site-packages/django/db/models/manager.py", line 87, in manager_method
    return getattr(self.get_queryset(), name)(*args, **kwargs)
           ~~~~~~~~~~~~~~~~~~~~~~~~~~~~~~~~~~^^^^^^^^^^^^^^^^^
  File "/Library/Frameworks/Python.framework/Versions/3.13/lib/python3.13/site-packages/django/db/models/query.py", line 652, in get
    raise self.model.MultipleObjectsReturned(
    ...<5 lines>...
    )
product.models.Product.MultipleObjectsReturned: get() returned more than one Product -- it returned 3!
/Users/ayush/ecommerce/product/views.py changed, reloading.
Watching for file changes with StatReloader
/Users/ayush/ecommerce/product/views.py changed, reloading.
Watching for file changes with StatReloader
/Users/ayush/ecommerce/product/views.py changed, reloading.
Watching for file changes with StatReloader
/Users/ayush/ecommerce/product/views.py changed, reloading.
Watching for file changes with StatReloader
/Users/ayush/ecommerce/product/urls.py changed, reloading.
Watching for file changes with StatReloader
/Users/ayush/ecommerce/categories/views.py changed, reloading.
Watching for file changes with StatReloader
/Users/ayush/ecommerce/categories/views.py changed, reloading.
Watching for file changes with StatReloader
/Users/ayush/ecommerce/categories/views.py changed, reloading.
Watching for file changes with StatReloader
/Users/ayush/ecommerce/categories/views.py changed, reloading.
Watching for file changes with StatReloader
/Users/ayush/ecommerce/categories/views.py changed, reloading.
Watching for file changes with StatReloader
/Users/ayush/ecommerce/categories/views.py changed, reloading.
Watching for file changes with StatReloader
/Users/ayush/ecommerce/categories/views.py changed, reloading.
Watching for file changes with StatReloader
/Users/ayush/ecommerce/categories/views.py changed, reloading.
Watching for file changes with StatReloader
/Users/ayush/ecommerce/categories/views.py changed, reloading.
Watching for file changes with StatReloader
/Users/ayush/ecommerce/categories/views.py changed, reloading.
Watching for file changes with StatReloader
/Users/ayush/ecommerce/categories/views.py changed, reloading.
Watching for file changes with StatReloader
/Users/ayush/ecommerce/categories/views.py changed, reloading.
Watching for file changes with StatReloader
/Users/ayush/ecommerce/categories/views.py changed, reloading.
Watching for file changes with StatReloader
/Users/ayush/ecommerce/categories/views.py changed, reloading.
Watching for file changes with StatReloader
/Users/ayush/ecommerce/categories/views.py changed, reloading.
Watching for file changes with StatReloader
/Users/ayush/ecommerce/categories/views.py changed, reloading.
Watching for file changes with StatReloader
/Users/ayush/ecommerce/categories/views.py changed, reloading.
Watching for file changes with StatReloader
/Users/ayush/ecommerce/categories/views.py changed, reloading.
Watching for file changes with StatReloader
/Users/ayush/ecommerce/categories/views.py changed, reloading.
Watching for file changes with StatReloader
/Users/ayush/ecommerce/categories/views.py changed, reloading.
Watching for file changes with StatReloader
/Users/ayush/ecommerce/categories/views.py changed, reloading.
Watching for file changes with StatReloader
/Users/ayush/ecommerce/categories/views.py changed, reloading.
Watching for file changes with StatReloader
/Users/ayush/ecommerce/categories/views.py changed, reloading.
Watching for file changes with StatReloader
/Users/ayush/ecommerce/categories/views.py changed, reloading.
Watching for file changes with StatReloader
/Users/ayush/ecommerce/categories/views.py changed, reloading.
Watching for file changes with StatReloader
/Users/ayush/ecommerce/categories/views.py changed, reloading.
Watching for file changes with StatReloader
/Users/ayush/ecommerce/categories/views.py changed, reloading.
Watching for file changes with StatReloader
/Users/ayush/ecommerce/categories/views.py changed, reloading.
Watching for file changes with StatReloader
/Users/ayush/ecommerce/categories/views.py changed, reloading.
Watching for file changes with StatReloader
/Users/ayush/ecommerce/categories/views.py changed, reloading.
Watching for file changes with StatReloader
/Users/ayush/ecommerce/categories/views.py changed, reloading.
Watching for file changes with StatReloader
/Users/ayush/ecommerce/categories/views.py changed, reloading.
Watching for file changes with StatReloader
/Users/ayush/ecommerce/categories/views.py changed, reloading.
Watching for file changes with StatReloader
/Users/ayush/ecommerce/categories/views.py changed, reloading.
Watching for file changes with StatReloader
/Users/ayush/ecommerce/categories/views.py changed, reloading.
Watching for file changes with StatReloader
/Users/ayush/ecommerce/categories/views.py changed, reloading.
Watching for file changes with StatReloader
/Users/ayush/ecommerce/categories/views.py changed, reloading.
Watching for file changes with StatReloader
/Users/ayush/ecommerce/categories/views.py changed, reloading.
Watching for file changes with StatReloader
/Users/ayush/ecommerce/categories/views.py changed, reloading.
Watching for file changes with StatReloader
/Users/ayush/ecommerce/categories/views.py changed, reloading.
Watching for file changes with StatReloader
/Users/ayush/ecommerce/categories/views.py changed, reloading.
Watching for file changes with StatReloader
/Users/ayush/ecommerce/categories/views.py changed, reloading.
Watching for file changes with StatReloader
/Users/ayush/ecommerce/categories/views.py changed, reloading.
Watching for file changes with StatReloader
/Users/ayush/ecommerce/categories/views.py changed, reloading.
Watching for file changes with StatReloader
/Users/ayush/ecommerce/categories/views.py changed, reloading.
Watching for file changes with StatReloader
/Users/ayush/ecommerce/categories/views.py changed, reloading.
Watching for file changes with StatReloader
/Users/ayush/ecommerce/categories/views.py changed, reloading.
Watching for file changes with StatReloader
/Users/ayush/ecommerce/categories/views.py changed, reloading.
Watching for file changes with StatReloader
/Users/ayush/ecommerce/categories/views.py changed, reloading.
Watching for file changes with StatReloader
/Users/ayush/ecommerce/categories/views.py changed, reloading.
Watching for file changes with StatReloader
/Users/ayush/ecommerce/categories/views.py changed, reloading.
Watching for file changes with StatReloader
/Users/ayush/ecommerce/categories/views.py changed, reloading.
Watching for file changes with StatReloader
/Users/ayush/ecommerce/categories/views.py changed, reloading.
Watching for file changes with StatReloader
/Users/ayush/ecommerce/categories/views.py changed, reloading.
Watching for file changes with StatReloader
/Users/ayush/ecommerce/categories/views.py changed, reloading.
Watching for file changes with StatReloader
/Users/ayush/ecommerce/categories/views.py changed, reloading.
Watching for file changes with StatReloader
/Users/ayush/ecommerce/categories/views.py changed, reloading.
Watching for file changes with StatReloader
/Users/ayush/ecommerce/categories/views.py changed, reloading.
Watching for file changes with StatReloader
/Users/ayush/ecommerce/categories/views.py changed, reloading.
Watching for file changes with StatReloader
/Users/ayush/ecommerce/categories/views.py changed, reloading.
Watching for file changes with StatReloader
/Users/ayush/ecommerce/categories/views.py changed, reloading.
Watching for file changes with StatReloader
/Users/ayush/ecommerce/categories/views.py changed, reloading.
Watching for file changes with StatReloader
/Users/ayush/ecommerce/categories/views.py changed, reloading.
Watching for file changes with StatReloader
/Users/ayush/ecommerce/categories/views.py changed, reloading.
Watching for file changes with StatReloader
/Users/ayush/ecommerce/categories/views.py changed, reloading.
Watching for file changes with StatReloader
/Users/ayush/ecommerce/categories/views.py changed, reloading.
Watching for file changes with StatReloader
/Users/ayush/ecommerce/categories/views.py changed, reloading.
Watching for file changes with StatReloader
/Users/ayush/ecommerce/categories/views.py changed, reloading.
Watching for file changes with StatReloader
/Users/ayush/ecommerce/categories/views.py changed, reloading.
Watching for file changes with StatReloader
/Users/ayush/ecommerce/categories/views.py changed, reloading.
Watching for file changes with StatReloader
/Users/ayush/ecommerce/categories/views.py changed, reloading.
Watching for file changes with StatReloader
/Users/ayush/ecommerce/categories/views.py changed, reloading.
Watching for file changes with StatReloader
/Users/ayush/ecommerce/categories/views.py changed, reloading.
Watching for file changes with StatReloader
/Users/ayush/ecommerce/categories/views.py changed, reloading.
Watching for file changes with StatReloader
/Users/ayush/ecommerce/categories/views.py changed, reloading.
Watching for file changes with StatReloader
/Users/ayush/ecommerce/categories/views.py changed, reloading.
Watching for file changes with StatReloader
/Users/ayush/ecommerce/categories/views.py changed, reloading.
Watching for file changes with StatReloader
/Users/ayush/ecommerce/categories/views.py changed, reloading.
Watching for file changes with StatReloader
/Users/ayush/ecommerce/categories/views.py changed, reloading.
Watching for file changes with StatReloader
/Users/ayush/ecommerce/categories/views.py changed, reloading.
Watching for file changes with StatReloader
/Users/ayush/ecommerce/categories/views.py changed, reloading.
Watching for file changes with StatReloader
/Users/ayush/ecommerce/categories/views.py changed, reloading.
Watching for file changes with StatReloader
/Users/ayush/ecommerce/categories/views.py changed, reloading.
Watching for file changes with StatReloader
/Users/ayush/ecommerce/categories/urls.py changed, reloading.
Watching for file changes with StatReloader
/Users/ayush/ecommerce/categories/urls.py changed, reloading.
Watching for file changes with StatReloader
/Users/ayush/ecommerce/categories/urls.py changed, reloading.
Watching for file changes with StatReloader
/Users/ayush/ecommerce/categories/urls.py changed, reloading.
Watching for file changes with StatReloader
/Users/ayush/ecommerce/categories/urls.py changed, reloading.
Watching for file changes with StatReloader
/Users/ayush/ecommerce/categories/urls.py changed, reloading.
Watching for file changes with StatReloader
/Users/ayush/ecommerce/categories/urls.py changed, reloading.
Watching for file changes with StatReloader
/Users/ayush/ecommerce/categories/urls.py changed, reloading.
Watching for file changes with StatReloader
/Users/ayush/ecommerce/categories/urls.py changed, reloading.
Watching for file changes with StatReloader
/Users/ayush/ecommerce/categories/urls.py changed, reloading.
Watching for file changes with StatReloader
/Users/ayush/ecommerce/categories/urls.py changed, reloading.
Watching for file changes with StatReloader
/Users/ayush/ecommerce/categories/urls.py changed, reloading.
Watching for file changes with StatReloader
/Users/ayush/ecommerce/categories/urls.py changed, reloading.
Watching for file changes with StatReloader
/Users/ayush/ecommerce/categories/urls.py changed, reloading.
Watching for file changes with StatReloader
/Users/ayush/ecommerce/categories/urls.py changed, reloading.
Watching for file changes with StatReloader
/Users/ayush/ecommerce/categories/urls.py changed, reloading.
Watching for file changes with StatReloader
Category List requested
Category List requested
Not Found: /categories/patchcategory
Not Found: /categories/patchcategory
/Users/ayush/ecommerce/categories/urls.py changed, reloading.
Watching for file changes with StatReloader
Unauthorized: /categories/patchcategory/2
Unauthorized: /categories/patchcategory/2
Internal Server Error: /categories/patchcategory/2
Traceback (most recent call last):
  File "/Library/Frameworks/Python.framework/Versions/3.13/lib/python3.13/site-packages/django/core/handlers/exception.py", line 55, in inner
    response = get_response(request)
  File "/Library/Frameworks/Python.framework/Versions/3.13/lib/python3.13/site-packages/django/core/handlers/base.py", line 197, in _get_response
    response = wrapped_callback(request, *callback_args, **callback_kwargs)
  File "/Library/Frameworks/Python.framework/Versions/3.13/lib/python3.13/site-packages/django/views/decorators/csrf.py", line 65, in _view_wrapper
    return view_func(request, *args, **kwargs)
  File "/Library/Frameworks/Python.framework/Versions/3.13/lib/python3.13/site-packages/django/views/generic/base.py", line 104, in view
    return self.dispatch(request, *args, **kwargs)
           ~~~~~~~~~~~~~^^^^^^^^^^^^^^^^^^^^^^^^^^
  File "/Library/Frameworks/Python.framework/Versions/3.13/lib/python3.13/site-packages/rest_framework/views.py", line 515, in dispatch
    response = self.handle_exception(exc)
  File "/Library/Frameworks/Python.framework/Versions/3.13/lib/python3.13/site-packages/rest_framework/views.py", line 475, in handle_exception
    self.raise_uncaught_exception(exc)
    ~~~~~~~~~~~~~~~~~~~~~~~~~~~~~^^^^^
  File "/Library/Frameworks/Python.framework/Versions/3.13/lib/python3.13/site-packages/rest_framework/views.py", line 486, in raise_uncaught_exception
    raise exc
  File "/Library/Frameworks/Python.framework/Versions/3.13/lib/python3.13/site-packages/rest_framework/views.py", line 512, in dispatch
    response = handler(request, *args, **kwargs)
  File "/Library/Frameworks/Python.framework/Versions/3.13/lib/python3.13/site-packages/rest_framework/decorators.py", line 50, in handler
    return func(*args, **kwargs)
  File "/Users/ayush/ecommerce/categories/views.py", line 126, in category_update_patch
    category.parent = request.data["parent"]
    ^^^^^^^^^^^^^^^
  File "/Library/Frameworks/Python.framework/Versions/3.13/lib/python3.13/site-packages/django/db/models/fields/related_descriptors.py", line 287, in __set__
    raise ValueError(
    ...<7 lines>...
    )
ValueError: Cannot assign "1": "Category.parent" must be a "Category" instance.
/Users/ayush/ecommerce/categories/views.py changed, reloading.
Watching for file changes with StatReloader
/Users/ayush/ecommerce/categories/views.py changed, reloading.
Watching for file changes with StatReloader
/Users/ayush/ecommerce/categories/views.py changed, reloading.
Watching for file changes with StatReloader
Internal Server Error: /categories/patchcategory/2
Traceback (most recent call last):
  File "/Library/Frameworks/Python.framework/Versions/3.13/lib/python3.13/site-packages/django/core/handlers/exception.py", line 55, in inner
    response = get_response(request)
  File "/Library/Frameworks/Python.framework/Versions/3.13/lib/python3.13/site-packages/django/core/handlers/base.py", line 197, in _get_response
    response = wrapped_callback(request, *callback_args, **callback_kwargs)
  File "/Library/Frameworks/Python.framework/Versions/3.13/lib/python3.13/site-packages/django/views/decorators/csrf.py", line 65, in _view_wrapper
    return view_func(request, *args, **kwargs)
  File "/Library/Frameworks/Python.framework/Versions/3.13/lib/python3.13/site-packages/django/views/generic/base.py", line 104, in view
    return self.dispatch(request, *args, **kwargs)
           ~~~~~~~~~~~~~^^^^^^^^^^^^^^^^^^^^^^^^^^
  File "/Library/Frameworks/Python.framework/Versions/3.13/lib/python3.13/site-packages/rest_framework/views.py", line 515, in dispatch
    response = self.handle_exception(exc)
  File "/Library/Frameworks/Python.framework/Versions/3.13/lib/python3.13/site-packages/rest_framework/views.py", line 475, in handle_exception
    self.raise_uncaught_exception(exc)
    ~~~~~~~~~~~~~~~~~~~~~~~~~~~~~^^^^^
  File "/Library/Frameworks/Python.framework/Versions/3.13/lib/python3.13/site-packages/rest_framework/views.py", line 486, in raise_uncaught_exception
    raise exc
  File "/Library/Frameworks/Python.framework/Versions/3.13/lib/python3.13/site-packages/rest_framework/views.py", line 512, in dispatch
    response = handler(request, *args, **kwargs)
  File "/Library/Frameworks/Python.framework/Versions/3.13/lib/python3.13/site-packages/rest_framework/decorators.py", line 50, in handler
    return func(*args, **kwargs)
  File "/Users/ayush/ecommerce/categories/views.py", line 126, in category_update_patch
    category.parent = request.data.get("parent")
    ^^^^^^^^^^^^^^^
  File "/Library/Frameworks/Python.framework/Versions/3.13/lib/python3.13/site-packages/django/db/models/fields/related_descriptors.py", line 287, in __set__
    raise ValueError(
    ...<7 lines>...
    )
ValueError: Cannot assign "1": "Category.parent" must be a "Category" instance.
Unauthorized: /categories/get/
Category List requested
Internal Server Error: /categories/patchcategory/3
Traceback (most recent call last):
  File "/Library/Frameworks/Python.framework/Versions/3.13/lib/python3.13/site-packages/django/core/handlers/exception.py", line 55, in inner
    response = get_response(request)
  File "/Library/Frameworks/Python.framework/Versions/3.13/lib/python3.13/site-packages/django/core/handlers/base.py", line 197, in _get_response
    response = wrapped_callback(request, *callback_args, **callback_kwargs)
  File "/Library/Frameworks/Python.framework/Versions/3.13/lib/python3.13/site-packages/django/views/decorators/csrf.py", line 65, in _view_wrapper
    return view_func(request, *args, **kwargs)
  File "/Library/Frameworks/Python.framework/Versions/3.13/lib/python3.13/site-packages/django/views/generic/base.py", line 104, in view
    return self.dispatch(request, *args, **kwargs)
           ~~~~~~~~~~~~~^^^^^^^^^^^^^^^^^^^^^^^^^^
  File "/Library/Frameworks/Python.framework/Versions/3.13/lib/python3.13/site-packages/rest_framework/views.py", line 515, in dispatch
    response = self.handle_exception(exc)
  File "/Library/Frameworks/Python.framework/Versions/3.13/lib/python3.13/site-packages/rest_framework/views.py", line 475, in handle_exception
    self.raise_uncaught_exception(exc)
    ~~~~~~~~~~~~~~~~~~~~~~~~~~~~~^^^^^
  File "/Library/Frameworks/Python.framework/Versions/3.13/lib/python3.13/site-packages/rest_framework/views.py", line 486, in raise_uncaught_exception
    raise exc
  File "/Library/Frameworks/Python.framework/Versions/3.13/lib/python3.13/site-packages/rest_framework/views.py", line 512, in dispatch
    response = handler(request, *args, **kwargs)
  File "/Library/Frameworks/Python.framework/Versions/3.13/lib/python3.13/site-packages/rest_framework/decorators.py", line 50, in handler
    return func(*args, **kwargs)
  File "/Users/ayush/ecommerce/categories/views.py", line 126, in category_update_patch
    category.parent = request.data.get("parent")
    ^^^^^^^^^^^^^^^
  File "/Library/Frameworks/Python.framework/Versions/3.13/lib/python3.13/site-packages/django/db/models/fields/related_descriptors.py", line 287, in __set__
    raise ValueError(
    ...<7 lines>...
    )
ValueError: Cannot assign "2": "Category.parent" must be a "Category" instance.
/Users/ayush/ecommerce/categories/views.py changed, reloading.
Watching for file changes with StatReloader
/Users/ayush/ecommerce/categories/views.py changed, reloading.
Watching for file changes with StatReloader
Category List requested
Category List requested
/Users/ayush/ecommerce/categories/urls.py changed, reloading.
Watching for file changes with StatReloader
Unauthorized: /categories/putcategory/2
Internal Server Error: /categories/putcategory/5
Traceback (most recent call last):
  File "/Library/Frameworks/Python.framework/Versions/3.13/lib/python3.13/site-packages/django/core/handlers/exception.py", line 55, in inner
    response = get_response(request)
  File "/Library/Frameworks/Python.framework/Versions/3.13/lib/python3.13/site-packages/django/core/handlers/base.py", line 197, in _get_response
    response = wrapped_callback(request, *callback_args, **callback_kwargs)
  File "/Library/Frameworks/Python.framework/Versions/3.13/lib/python3.13/site-packages/django/views/decorators/csrf.py", line 65, in _view_wrapper
    return view_func(request, *args, **kwargs)
  File "/Library/Frameworks/Python.framework/Versions/3.13/lib/python3.13/site-packages/django/views/generic/base.py", line 104, in view
    return self.dispatch(request, *args, **kwargs)
           ~~~~~~~~~~~~~^^^^^^^^^^^^^^^^^^^^^^^^^^
  File "/Library/Frameworks/Python.framework/Versions/3.13/lib/python3.13/site-packages/rest_framework/views.py", line 515, in dispatch
    response = self.handle_exception(exc)
  File "/Library/Frameworks/Python.framework/Versions/3.13/lib/python3.13/site-packages/rest_framework/views.py", line 475, in handle_exception
    self.raise_uncaught_exception(exc)
    ~~~~~~~~~~~~~~~~~~~~~~~~~~~~~^^^^^
  File "/Library/Frameworks/Python.framework/Versions/3.13/lib/python3.13/site-packages/rest_framework/views.py", line 486, in raise_uncaught_exception
    raise exc
  File "/Library/Frameworks/Python.framework/Versions/3.13/lib/python3.13/site-packages/rest_framework/views.py", line 512, in dispatch
    response = handler(request, *args, **kwargs)
  File "/Library/Frameworks/Python.framework/Versions/3.13/lib/python3.13/site-packages/rest_framework/decorators.py", line 50, in handler
    return func(*args, **kwargs)
  File "/Users/ayush/ecommerce/categories/views.py", line 102, in put_category_create
    category.parent = parent_id
    ^^^^^^^^^^^^^^^
  File "/Library/Frameworks/Python.framework/Versions/3.13/lib/python3.13/site-packages/django/db/models/fields/related_descriptors.py", line 287, in __set__
    raise ValueError(
    ...<7 lines>...
    )
ValueError: Cannot assign "1": "Category.parent" must be a "Category" instance.
/Users/ayush/ecommerce/categories/views.py changed, reloading.
Watching for file changes with StatReloader
/Users/ayush/ecommerce/categories/views.py changed, reloading.
Watching for file changes with StatReloader
Category List requested
/Users/ayush/ecommerce/product/views.py changed, reloading.
Watching for file changes with StatReloader
/Users/ayush/ecommerce/product/views.py changed, reloading.
Watching for file changes with StatReloader
/Users/ayush/ecommerce/product/views.py changed, reloading.
Watching for file changes with StatReloader
/Users/ayush/ecommerce/product/views.py changed, reloading.
Watching for file changes with StatReloader
/Users/ayush/ecommerce/product/views.py changed, reloading.
Watching for file changes with StatReloader
/Users/ayush/ecommerce/product/views.py changed, reloading.
Watching for file changes with StatReloader
/Users/ayush/ecommerce/product/views.py changed, reloading.
Watching for file changes with StatReloader
/Users/ayush/ecommerce/product/views.py changed, reloading.
Watching for file changes with StatReloader
/Users/ayush/ecommerce/product/views.py changed, reloading.
Watching for file changes with StatReloader
/Users/ayush/ecommerce/product/views.py changed, reloading.
Watching for file changes with StatReloader
/Users/ayush/ecommerce/product/views.py changed, reloading.
Watching for file changes with StatReloader
/Users/ayush/ecommerce/product/views.py changed, reloading.
Watching for file changes with StatReloader
/Users/ayush/ecommerce/product/views.py changed, reloading.
Watching for file changes with StatReloader
/Users/ayush/ecommerce/product/views.py changed, reloading.
Watching for file changes with StatReloader
/Users/ayush/ecommerce/product/views.py changed, reloading.
Watching for file changes with StatReloader
/Users/ayush/ecommerce/product/views.py changed, reloading.
Watching for file changes with StatReloader
/Users/ayush/ecommerce/product/views.py changed, reloading.
Watching for file changes with StatReloader
/Users/ayush/ecommerce/product/views.py changed, reloading.
Watching for file changes with StatReloader
/Users/ayush/ecommerce/product/views.py changed, reloading.
Watching for file changes with StatReloader
/Users/ayush/ecommerce/product/views.py changed, reloading.
Watching for file changes with StatReloader
/Users/ayush/ecommerce/product/views.py changed, reloading.
Watching for file changes with StatReloader
/Users/ayush/ecommerce/product/views.py changed, reloading.
Watching for file changes with StatReloader
/Users/ayush/ecommerce/product/views.py changed, reloading.
Watching for file changes with StatReloader
/Users/ayush/ecommerce/product/views.py changed, reloading.
Watching for file changes with StatReloader
/Users/ayush/ecommerce/product/views.py changed, reloading.
Watching for file changes with StatReloader
/Users/ayush/ecommerce/product/views.py changed, reloading.
Watching for file changes with StatReloader
/Users/ayush/ecommerce/product/views.py changed, reloading.
Watching for file changes with StatReloader
/Users/ayush/ecommerce/product/views.py changed, reloading.
Watching for file changes with StatReloader
/Users/ayush/ecommerce/product/views.py changed, reloading.
Watching for file changes with StatReloader
/Users/ayush/ecommerce/product/views.py changed, reloading.
Watching for file changes with StatReloader
/Users/ayush/ecommerce/product/views.py changed, reloading.
Watching for file changes with StatReloader
/Users/ayush/ecommerce/product/views.py changed, reloading.
Watching for file changes with StatReloader
/Users/ayush/ecommerce/product/views.py changed, reloading.
Watching for file changes with StatReloader
/Users/ayush/ecommerce/product/views.py changed, reloading.
Watching for file changes with StatReloader
/Users/ayush/ecommerce/product/views.py changed, reloading.
Watching for file changes with StatReloader
/Users/ayush/ecommerce/product/views.py changed, reloading.
Watching for file changes with StatReloader
/Users/ayush/ecommerce/product/views.py changed, reloading.
Watching for file changes with StatReloader
/Users/ayush/ecommerce/product/views.py changed, reloading.
Watching for file changes with StatReloader
/Users/ayush/ecommerce/product/views.py changed, reloading.
Watching for file changes with StatReloader
/Users/ayush/ecommerce/product/views.py changed, reloading.
Watching for file changes with StatReloader
/Users/ayush/ecommerce/product/views.py changed, reloading.
Watching for file changes with StatReloader
/Users/ayush/ecommerce/product/views.py changed, reloading.
Watching for file changes with StatReloader
/Users/ayush/ecommerce/product/views.py changed, reloading.
Watching for file changes with StatReloader
/Users/ayush/ecommerce/product/views.py changed, reloading.
Watching for file changes with StatReloader
/Users/ayush/ecommerce/product/views.py changed, reloading.
Watching for file changes with StatReloader
/Users/ayush/ecommerce/product/views.py changed, reloading.
Watching for file changes with StatReloader
/Users/ayush/ecommerce/product/views.py changed, reloading.
Watching for file changes with StatReloader
/Users/ayush/ecommerce/product/views.py changed, reloading.
Watching for file changes with StatReloader
/Users/ayush/ecommerce/product/views.py changed, reloading.
Watching for file changes with StatReloader
/Users/ayush/ecommerce/product/views.py changed, reloading.
Watching for file changes with StatReloader
/Users/ayush/ecommerce/product/views.py changed, reloading.
Watching for file changes with StatReloader
/Users/ayush/ecommerce/product/views.py changed, reloading.
Watching for file changes with StatReloader
/Users/ayush/ecommerce/product/views.py changed, reloading.
Watching for file changes with StatReloader
/Users/ayush/ecommerce/product/views.py changed, reloading.
Watching for file changes with StatReloader
/Users/ayush/ecommerce/product/views.py changed, reloading.
Watching for file changes with StatReloader
/Users/ayush/ecommerce/product/views.py changed, reloading.
Watching for file changes with StatReloader
/Users/ayush/ecommerce/product/views.py changed, reloading.
Watching for file changes with StatReloader
/Users/ayush/ecommerce/product/views.py changed, reloading.
Watching for file changes with StatReloader
/Users/ayush/ecommerce/product/views.py changed, reloading.
Watching for file changes with StatReloader
/Users/ayush/ecommerce/product/views.py changed, reloading.
Watching for file changes with StatReloader
/Users/ayush/ecommerce/product/views.py changed, reloading.
Watching for file changes with StatReloader
/Users/ayush/ecommerce/product/views.py changed, reloading.
Watching for file changes with StatReloader
/Users/ayush/ecommerce/product/views.py changed, reloading.
Watching for file changes with StatReloader
/Users/ayush/ecommerce/product/views.py changed, reloading.
Watching for file changes with StatReloader
/Users/ayush/ecommerce/product/views.py changed, reloading.
Watching for file changes with StatReloader
/Users/ayush/ecommerce/product/views.py changed, reloading.
Watching for file changes with StatReloader
/Users/ayush/ecommerce/product/views.py changed, reloading.
Watching for file changes with StatReloader
/Users/ayush/ecommerce/product/views.py changed, reloading.
Watching for file changes with StatReloader
/Users/ayush/ecommerce/product/views.py changed, reloading.
Watching for file changes with StatReloader
/Users/ayush/ecommerce/product/views.py changed, reloading.
Watching for file changes with StatReloader
/Users/ayush/ecommerce/product/views.py changed, reloading.
Watching for file changes with StatReloader
/Users/ayush/ecommerce/product/views.py changed, reloading.
Watching for file changes with StatReloader
/Users/ayush/ecommerce/product/views.py changed, reloading.
Watching for file changes with StatReloader
/Users/ayush/ecommerce/product/views.py changed, reloading.
Watching for file changes with StatReloader
/Users/ayush/ecommerce/product/views.py changed, reloading.
Watching for file changes with StatReloader
/Users/ayush/ecommerce/product/views.py changed, reloading.
Watching for file changes with StatReloader
/Users/ayush/ecommerce/product/views.py changed, reloading.
Watching for file changes with StatReloader
/Users/ayush/ecommerce/product/views.py changed, reloading.
Watching for file changes with StatReloader
/Users/ayush/ecommerce/product/views.py changed, reloading.
Watching for file changes with StatReloader
/Users/ayush/ecommerce/product/views.py changed, reloading.
Watching for file changes with StatReloader
/Users/ayush/ecommerce/product/views.py changed, reloading.
Watching for file changes with StatReloader
/Users/ayush/ecommerce/product/views.py changed, reloading.
Watching for file changes with StatReloader
/Users/ayush/ecommerce/product/views.py changed, reloading.
Watching for file changes with StatReloader
/Users/ayush/ecommerce/product/urls.py changed, reloading.
Watching for file changes with StatReloader
/Users/ayush/ecommerce/product/urls.py changed, reloading.
Watching for file changes with StatReloader
/Users/ayush/ecommerce/product/urls.py changed, reloading.
Watching for file changes with StatReloader
/Users/ayush/ecommerce/product/urls.py changed, reloading.
Watching for file changes with StatReloader
/Users/ayush/ecommerce/product/urls.py changed, reloading.
Watching for file changes with StatReloader
/Users/ayush/ecommerce/product/urls.py changed, reloading.
Watching for file changes with StatReloader
/Users/ayush/ecommerce/product/urls.py changed, reloading.
Watching for file changes with StatReloader
/Users/ayush/ecommerce/product/urls.py changed, reloading.
Watching for file changes with StatReloader
/Users/ayush/ecommerce/product/urls.py changed, reloading.
Watching for file changes with StatReloader
/Users/ayush/ecommerce/product/urls.py changed, reloading.
Watching for file changes with StatReloader
/Users/ayush/ecommerce/product/urls.py changed, reloading.
Watching for file changes with StatReloader
/Users/ayush/ecommerce/product/urls.py changed, reloading.
Watching for file changes with StatReloader
/Users/ayush/ecommerce/product/urls.py changed, reloading.
Watching for file changes with StatReloader
/Users/ayush/ecommerce/product/urls.py changed, reloading.
Watching for file changes with StatReloader
/Users/ayush/ecommerce/product/urls.py changed, reloading.
Watching for file changes with StatReloader
/Users/ayush/ecommerce/product/urls.py changed, reloading.
Watching for file changes with StatReloader
/Users/ayush/ecommerce/product/views.py changed, reloading.
Watching for file changes with StatReloader
/Users/ayush/ecommerce/product/views.py changed, reloading.
Watching for file changes with StatReloader
/Users/ayush/ecommerce/product/views.py changed, reloading.
Watching for file changes with StatReloader
/Users/ayush/ecommerce/product/views.py changed, reloading.
Watching for file changes with StatReloader
/Users/ayush/ecommerce/product/views.py changed, reloading.
Watching for file changes with StatReloader
/Users/ayush/ecommerce/product/views.py changed, reloading.
Watching for file changes with StatReloader
/Users/ayush/ecommerce/product/views.py changed, reloading.
Watching for file changes with StatReloader
/Users/ayush/ecommerce/product/views.py changed, reloading.
Watching for file changes with StatReloader
/Users/ayush/ecommerce/product/views.py changed, reloading.
Watching for file changes with StatReloader
/Users/ayush/ecommerce/product/views.py changed, reloading.
Watching for file changes with StatReloader
/Users/ayush/ecommerce/product/views.py changed, reloading.
Watching for file changes with StatReloader
/Users/ayush/ecommerce/product/views.py changed, reloading.
Watching for file changes with StatReloader
/Users/ayush/ecommerce/product/views.py changed, reloading.
Watching for file changes with StatReloader
/Users/ayush/ecommerce/product/views.py changed, reloading.
Watching for file changes with StatReloader
/Users/ayush/ecommerce/product/views.py changed, reloading.
Watching for file changes with StatReloader
/Users/ayush/ecommerce/product/views.py changed, reloading.
Watching for file changes with StatReloader
/Users/ayush/ecommerce/product/views.py changed, reloading.
Watching for file changes with StatReloader
/Users/ayush/ecommerce/product/views.py changed, reloading.
Watching for file changes with StatReloader
/Users/ayush/ecommerce/product/views.py changed, reloading.
Watching for file changes with StatReloader
/Users/ayush/ecommerce/product/views.py changed, reloading.
Watching for file changes with StatReloader
/Users/ayush/ecommerce/product/views.py changed, reloading.
Watching for file changes with StatReloader
/Users/ayush/ecommerce/product/views.py changed, reloading.
Watching for file changes with StatReloader
/Users/ayush/ecommerce/product/views.py changed, reloading.
Watching for file changes with StatReloader
/Users/ayush/ecommerce/product/views.py changed, reloading.
Watching for file changes with StatReloader
/Users/ayush/ecommerce/product/views.py changed, reloading.
Watching for file changes with StatReloader
/Users/ayush/ecommerce/product/views.py changed, reloading.
Watching for file changes with StatReloader
/Users/ayush/ecommerce/product/views.py changed, reloading.
Watching for file changes with StatReloader
/Users/ayush/ecommerce/product/views.py changed, reloading.
Watching for file changes with StatReloader
/Users/ayush/ecommerce/product/views.py changed, reloading.
Watching for file changes with StatReloader
/Users/ayush/ecommerce/product/views.py changed, reloading.
Watching for file changes with StatReloader
/Users/ayush/ecommerce/product/views.py changed, reloading.
Watching for file changes with StatReloader
/Users/ayush/ecommerce/product/views.py changed, reloading.
Watching for file changes with StatReloader
/Users/ayush/ecommerce/product/views.py changed, reloading.
Watching for file changes with StatReloader
/Users/ayush/ecommerce/product/views.py changed, reloading.
Watching for file changes with StatReloader
/Users/ayush/ecommerce/product/views.py changed, reloading.
Watching for file changes with StatReloader
/Users/ayush/ecommerce/product/views.py changed, reloading.
Watching for file changes with StatReloader
/Users/ayush/ecommerce/product/views.py changed, reloading.
Watching for file changes with StatReloader
/Users/ayush/ecommerce/product/views.py changed, reloading.
Watching for file changes with StatReloader
/Users/ayush/ecommerce/product/views.py changed, reloading.
Watching for file changes with StatReloader
/Users/ayush/ecommerce/product/views.py changed, reloading.
Watching for file changes with StatReloader
/Users/ayush/ecommerce/product/views.py changed, reloading.
Watching for file changes with StatReloader
/Users/ayush/ecommerce/product/views.py changed, reloading.
Watching for file changes with StatReloader
/Users/ayush/ecommerce/product/views.py changed, reloading.
Watching for file changes with StatReloader
/Users/ayush/ecommerce/product/views.py changed, reloading.
Watching for file changes with StatReloader
/Users/ayush/ecommerce/product/views.py changed, reloading.
Watching for file changes with StatReloader
/Users/ayush/ecommerce/product/views.py changed, reloading.
Watching for file changes with StatReloader
/Users/ayush/ecommerce/product/views.py changed, reloading.
Watching for file changes with StatReloader
/Users/ayush/ecommerce/product/views.py changed, reloading.
Watching for file changes with StatReloader
/Users/ayush/ecommerce/product/views.py changed, reloading.
Watching for file changes with StatReloader
/Users/ayush/ecommerce/product/views.py changed, reloading.
Watching for file changes with StatReloader
/Users/ayush/ecommerce/product/views.py changed, reloading.
Watching for file changes with StatReloader
/Users/ayush/ecommerce/product/views.py changed, reloading.
Watching for file changes with StatReloader
/Users/ayush/ecommerce/product/views.py changed, reloading.
Watching for file changes with StatReloader
/Users/ayush/ecommerce/product/views.py changed, reloading.
Watching for file changes with StatReloader
/Users/ayush/ecommerce/product/views.py changed, reloading.
Watching for file changes with StatReloader
/Users/ayush/ecommerce/product/views.py changed, reloading.
Watching for file changes with StatReloader
/Users/ayush/ecommerce/product/views.py changed, reloading.
Watching for file changes with StatReloader
/Users/ayush/ecommerce/product/views.py changed, reloading.
Watching for file changes with StatReloader
/Users/ayush/ecommerce/product/views.py changed, reloading.
Watching for file changes with StatReloader
/Users/ayush/ecommerce/product/views.py changed, reloading.
Watching for file changes with StatReloader
/Users/ayush/ecommerce/product/views.py changed, reloading.
Watching for file changes with StatReloader
/Users/ayush/ecommerce/product/views.py changed, reloading.
Watching for file changes with StatReloader
/Users/ayush/ecommerce/product/views.py changed, reloading.
Watching for file changes with StatReloader
/Users/ayush/ecommerce/product/views.py changed, reloading.
Watching for file changes with StatReloader
/Users/ayush/ecommerce/product/views.py changed, reloading.
Watching for file changes with StatReloader
/Users/ayush/ecommerce/product/views.py changed, reloading.
Watching for file changes with StatReloader
/Users/ayush/ecommerce/product/views.py changed, reloading.
Watching for file changes with StatReloader
/Users/ayush/ecommerce/product/views.py changed, reloading.
Watching for file changes with StatReloader
/Users/ayush/ecommerce/product/views.py changed, reloading.
Watching for file changes with StatReloader
/Users/ayush/ecommerce/product/views.py changed, reloading.
Watching for file changes with StatReloader
/Users/ayush/ecommerce/product/views.py changed, reloading.
Watching for file changes with StatReloader
/Users/ayush/ecommerce/product/views.py changed, reloading.
Watching for file changes with StatReloader
/Users/ayush/ecommerce/product/views.py changed, reloading.
Watching for file changes with StatReloader
Internal Server Error: /product/updatefull/3
Traceback (most recent call last):
  File "/Library/Frameworks/Python.framework/Versions/3.13/lib/python3.13/site-packages/django/core/handlers/exception.py", line 55, in inner
    response = get_response(request)
  File "/Library/Frameworks/Python.framework/Versions/3.13/lib/python3.13/site-packages/django/core/handlers/base.py", line 197, in _get_response
    response = wrapped_callback(request, *callback_args, **callback_kwargs)
  File "/Library/Frameworks/Python.framework/Versions/3.13/lib/python3.13/site-packages/django/views/decorators/csrf.py", line 65, in _view_wrapper
    return view_func(request, *args, **kwargs)
  File "/Library/Frameworks/Python.framework/Versions/3.13/lib/python3.13/site-packages/django/views/generic/base.py", line 104, in view
    return self.dispatch(request, *args, **kwargs)
           ~~~~~~~~~~~~~^^^^^^^^^^^^^^^^^^^^^^^^^^
  File "/Library/Frameworks/Python.framework/Versions/3.13/lib/python3.13/site-packages/rest_framework/views.py", line 515, in dispatch
    response = self.handle_exception(exc)
  File "/Library/Frameworks/Python.framework/Versions/3.13/lib/python3.13/site-packages/rest_framework/views.py", line 475, in handle_exception
    self.raise_uncaught_exception(exc)
    ~~~~~~~~~~~~~~~~~~~~~~~~~~~~~^^^^^
  File "/Library/Frameworks/Python.framework/Versions/3.13/lib/python3.13/site-packages/rest_framework/views.py", line 486, in raise_uncaught_exception
    raise exc
  File "/Library/Frameworks/Python.framework/Versions/3.13/lib/python3.13/site-packages/rest_framework/views.py", line 512, in dispatch
    response = handler(request, *args, **kwargs)
  File "/Library/Frameworks/Python.framework/Versions/3.13/lib/python3.13/site-packages/rest_framework/decorators.py", line 50, in handler
    return func(*args, **kwargs)
  File "/Users/ayush/ecommerce/product/views.py", line 123, in update_product_com
    product.save()
    ^^^^^^^^^^^^
AttributeError: 'QuerySet' object has no attribute 'save'
/Users/ayush/ecommerce/product/views.py changed, reloading.
Watching for file changes with StatReloader
Internal Server Error: /product/updatefull/3
Traceback (most recent call last):
  File "/Library/Frameworks/Python.framework/Versions/3.13/lib/python3.13/site-packages/django/core/handlers/exception.py", line 55, in inner
    response = get_response(request)
  File "/Library/Frameworks/Python.framework/Versions/3.13/lib/python3.13/site-packages/django/core/handlers/base.py", line 197, in _get_response
    response = wrapped_callback(request, *callback_args, **callback_kwargs)
  File "/Library/Frameworks/Python.framework/Versions/3.13/lib/python3.13/site-packages/django/views/decorators/csrf.py", line 65, in _view_wrapper
    return view_func(request, *args, **kwargs)
  File "/Library/Frameworks/Python.framework/Versions/3.13/lib/python3.13/site-packages/django/views/generic/base.py", line 104, in view
    return self.dispatch(request, *args, **kwargs)
           ~~~~~~~~~~~~~^^^^^^^^^^^^^^^^^^^^^^^^^^
  File "/Library/Frameworks/Python.framework/Versions/3.13/lib/python3.13/site-packages/rest_framework/views.py", line 515, in dispatch
    response = self.handle_exception(exc)
  File "/Library/Frameworks/Python.framework/Versions/3.13/lib/python3.13/site-packages/rest_framework/views.py", line 475, in handle_exception
    self.raise_uncaught_exception(exc)
    ~~~~~~~~~~~~~~~~~~~~~~~~~~~~~^^^^^
  File "/Library/Frameworks/Python.framework/Versions/3.13/lib/python3.13/site-packages/rest_framework/views.py", line 486, in raise_uncaught_exception
    raise exc
  File "/Library/Frameworks/Python.framework/Versions/3.13/lib/python3.13/site-packages/rest_framework/views.py", line 512, in dispatch
    response = handler(request, *args, **kwargs)
  File "/Library/Frameworks/Python.framework/Versions/3.13/lib/python3.13/site-packages/rest_framework/decorators.py", line 50, in handler
    return func(*args, **kwargs)
  File "/Users/ayush/ecommerce/product/views.py", line 123, in update_product_com
    Product.save()
    ~~~~~~~~~~~~^^
TypeError: Model.save() missing 1 required positional argument: 'self'
/Users/ayush/ecommerce/product/views.py changed, reloading.
Watching for file changes with StatReloader
/Users/ayush/ecommerce/product/views.py changed, reloading.
Watching for file changes with StatReloader
/Users/ayush/ecommerce/product/views.py changed, reloading.
Watching for file changes with StatReloader
/Users/ayush/ecommerce/product/views.py changed, reloading.
Watching for file changes with StatReloader
Internal Server Error: /product/updatepartially/3
Traceback (most recent call last):
  File "/Library/Frameworks/Python.framework/Versions/3.13/lib/python3.13/site-packages/django/core/handlers/exception.py", line 55, in inner
    response = get_response(request)
  File "/Library/Frameworks/Python.framework/Versions/3.13/lib/python3.13/site-packages/django/core/handlers/base.py", line 197, in _get_response
    response = wrapped_callback(request, *callback_args, **callback_kwargs)
  File "/Library/Frameworks/Python.framework/Versions/3.13/lib/python3.13/site-packages/django/views/decorators/csrf.py", line 65, in _view_wrapper
    return view_func(request, *args, **kwargs)
  File "/Library/Frameworks/Python.framework/Versions/3.13/lib/python3.13/site-packages/django/views/generic/base.py", line 104, in view
    return self.dispatch(request, *args, **kwargs)
           ~~~~~~~~~~~~~^^^^^^^^^^^^^^^^^^^^^^^^^^
  File "/Library/Frameworks/Python.framework/Versions/3.13/lib/python3.13/site-packages/rest_framework/views.py", line 515, in dispatch
    response = self.handle_exception(exc)
  File "/Library/Frameworks/Python.framework/Versions/3.13/lib/python3.13/site-packages/rest_framework/views.py", line 475, in handle_exception
    self.raise_uncaught_exception(exc)
    ~~~~~~~~~~~~~~~~~~~~~~~~~~~~~^^^^^
  File "/Library/Frameworks/Python.framework/Versions/3.13/lib/python3.13/site-packages/rest_framework/views.py", line 486, in raise_uncaught_exception
    raise exc
  File "/Library/Frameworks/Python.framework/Versions/3.13/lib/python3.13/site-packages/rest_framework/views.py", line 512, in dispatch
    response = handler(request, *args, **kwargs)
  File "/Library/Frameworks/Python.framework/Versions/3.13/lib/python3.13/site-packages/rest_framework/decorators.py", line 50, in handler
    return func(*args, **kwargs)
  File "/Users/ayush/ecommerce/product/views.py", line 153, in patch_product
    "product":product_to_dict(product)
              ~~~~~~~~~~~~~~~^^^^^^^^^
  File "/Users/ayush/ecommerce/product/views.py", line 21, in product_to_dict
    "category":product.category.id,
               ^^^^^^^^^^^^^^^^
AttributeError: 'QuerySet' object has no attribute 'category'. Did you mean: 'category_id'?
/Users/ayush/ecommerce/product/views.py changed, reloading.
Watching for file changes with StatReloader
Internal Server Error: /product/updatepartially/3
Traceback (most recent call last):
  File "/Library/Frameworks/Python.framework/Versions/3.13/lib/python3.13/site-packages/django/core/handlers/exception.py", line 55, in inner
    response = get_response(request)
  File "/Library/Frameworks/Python.framework/Versions/3.13/lib/python3.13/site-packages/django/core/handlers/base.py", line 197, in _get_response
    response = wrapped_callback(request, *callback_args, **callback_kwargs)
  File "/Library/Frameworks/Python.framework/Versions/3.13/lib/python3.13/site-packages/django/views/decorators/csrf.py", line 65, in _view_wrapper
    return view_func(request, *args, **kwargs)
  File "/Library/Frameworks/Python.framework/Versions/3.13/lib/python3.13/site-packages/django/views/generic/base.py", line 104, in view
    return self.dispatch(request, *args, **kwargs)
           ~~~~~~~~~~~~~^^^^^^^^^^^^^^^^^^^^^^^^^^
  File "/Library/Frameworks/Python.framework/Versions/3.13/lib/python3.13/site-packages/rest_framework/views.py", line 515, in dispatch
    response = self.handle_exception(exc)
  File "/Library/Frameworks/Python.framework/Versions/3.13/lib/python3.13/site-packages/rest_framework/views.py", line 475, in handle_exception
    self.raise_uncaught_exception(exc)
    ~~~~~~~~~~~~~~~~~~~~~~~~~~~~~^^^^^
  File "/Library/Frameworks/Python.framework/Versions/3.13/lib/python3.13/site-packages/rest_framework/views.py", line 486, in raise_uncaught_exception
    raise exc
  File "/Library/Frameworks/Python.framework/Versions/3.13/lib/python3.13/site-packages/rest_framework/views.py", line 512, in dispatch
    response = handler(request, *args, **kwargs)
  File "/Library/Frameworks/Python.framework/Versions/3.13/lib/python3.13/site-packages/rest_framework/decorators.py", line 50, in handler
    return func(*args, **kwargs)
  File "/Users/ayush/ecommerce/product/views.py", line 151, in patch_product
    product.save()
    ^^^^^^^^^^^^
AttributeError: 'QuerySet' object has no attribute 'save'
/Users/ayush/ecommerce/product/views.py changed, reloading.
Watching for file changes with StatReloader
Unauthorized: /product/get
Product List requested
Watching for file changes with StatReloader
Unauthorized: /categories/get/
Unauthorized: /categories/get/
Category List requested
Product List requested
Unauthorized: /categories/getbyid/1
Category List requested
/Users/ayush/ecommerce/categories/views.py changed, reloading.
Watching for file changes with StatReloader
/Users/ayush/ecommerce/categories/views.py changed, reloading.
Watching for file changes with StatReloader
/Users/ayush/ecommerce/categories/views.py changed, reloading.
Watching for file changes with StatReloader
/Users/ayush/ecommerce/categories/views.py changed, reloading.
Watching for file changes with StatReloader
/Users/ayush/ecommerce/categories/views.py changed, reloading.
Watching for file changes with StatReloader
/Users/ayush/ecommerce/categories/views.py changed, reloading.
Watching for file changes with StatReloader
/Users/ayush/ecommerce/categories/views.py changed, reloading.
Watching for file changes with StatReloader
/Users/ayush/ecommerce/categories/views.py changed, reloading.
Watching for file changes with StatReloader
/Users/ayush/ecommerce/categories/views.py changed, reloading.
Watching for file changes with StatReloader
/Users/ayush/ecommerce/categories/views.py changed, reloading.
Watching for file changes with StatReloader
/Users/ayush/ecommerce/categories/views.py changed, reloading.
Watching for file changes with StatReloader
/Users/ayush/ecommerce/categories/views.py changed, reloading.
Watching for file changes with StatReloader
/Users/ayush/ecommerce/categories/views.py changed, reloading.
Watching for file changes with StatReloader
/Users/ayush/ecommerce/categories/views.py changed, reloading.
Watching for file changes with StatReloader
